1960,1961,1962,1963,1964,1965,1966,1967,1968,1969,1970,1971,1972,1973,1974,1975,1976,1977,1978,1979,1980,1981,1982,1983,1984,1985,1986,1987,1988,1989,1990,1991,1992,1993,1994,1995,1996,1997,1998,1999,2000,2001,2002,2003,2004,2005,2006,2007,2008,2009,2010,2011,2012,2013,2014,2015,2016,2017,2018,2019,2020,2021,2022,2023,Country Name,Country Code,Indicator Name,Indicator Code,data_country,data_year
,,,,,,,,,,,,,,,,,,,,,,,,,,,,,,100,99.15365601,99.1971283,99.23991394,100,100,100,100,100,100,91.7,100,100,100,100,100,100,100,100,100,93.4,100,100,100,100,100,100,100,100,100,100,100,99.9,,Aruba,ABW,Access to electricity (% of population),EG.ELC.ACCS.ZS,,
,,,,,,,,,,,,,,,,,,,,,,,,,,,,,,,,,,,,,,,,19.96388176,19.9691482,21.58028243,22.51696241,23.75395284,23.48737637,25.19852692,26.80728787,25.94751303,26.18591244,27.40201436,28.91159373,31.66603842,31.70305724,31.86047402,33.90380013,38.85462442,40.19989807,43.01714798,44.38125944,46.26487456,48.10086213,48.71199459,,Africa Eastern and Southern,AFE,Access to electricity (% of population),EG.ELC.ACCS.ZS,,
,,,,,,,,,,,,,,,,,,,,,,,,,,,,,,,,,,,,,,,,4.4,9.3,14.1,19,23.8,28.7,33.5,38.4,42.4,48.3,42.7,43.2,69.1,68,89.5,71.5,97.7,97.7,93.4,97.7,97.7,97.7,85.3,,Afghanistan,AFG,Access to electricity (% of population),EG.ELC.ACCS.ZS,,
,,,,,,,,,,,,,,,,,,,,,,,,,,,,,,,,,31.57513035,32.6096922,33.60566797,32.62932224,32.46179668,33.45862992,34.81042847,34.14321021,35.22708589,35.70060028,39.82130419,37.49258289,37.78421993,39.83082973,40.74367027,41.74130531,41.88155926,41.83816178,45.91489492,44.04990001,47.05847596,47.66253649,46.75873906,50.90611463,48.78945747,51.21105494,51.16808266,51.73089907,54.22472431,55.43757725,,Africa Western and Central,AFW,Access to electricity (% of population),EG.ELC.ACCS.ZS,,
,,,,,,,,,,,,,,,,,,,,,,,,,,,,,,,,,,,,,,,,24.2,20,26.3,27.4,28.4,29.4,30.5,37.5,38.5,33.8,35,34.6,37.3,38.4,32,42,41.8,42.9,45.3,45.6,47,48.2,48.5,,Angola,AGO,Access to electricity (% of population),EG.ELC.ACCS.ZS,,
,,,,,,,,,,,,,,,,,,,,,,,,,,,,,,100,100,100,100,100,100,100,100,100,100,99.4,99.4,99.4,99.4,99.4,99.4,99.4,99.4,100,99.6,99.6,99.7,99.9,99.9,100,100,99.9,99.9,100,100,100,100,100,,Albania,ALB,Access to electricity (% of population),EG.ELC.ACCS.ZS,,
,,,,,,,,,,,,,,,,,,,,,,,,,,,,,,100,100,100,100,100,100,100,100,100,100,100,100,100,100,100,100,100,100,100,100,100,100,100,100,100,100,100,100,100,100,100,100,100,,Andorra,AND,Access to electricity (% of population),EG.ELC.ACCS.ZS,,
,,,,,,,,,,,,,,,,,,,,,,,,,,,,,,,,,,,,76.96432583,77.6235207,78.52140883,79.11231964,81.09974166,81.94313373,81.90174083,82.88902592,82.82278472,83.58172545,85.80413041,84.14037612,83.84106593,84.72287147,87.49580297,87.71236266,87.40185183,89.34425141,88.83429586,89.04753519,89.54116577,90.66630187,89.16928124,90.35815387,90.63848705,90.84938205,91.02640452,,Arab World,ARB,Access to electricity (% of population),EG.ELC.ACCS.ZS,,
,,,,,,,,,,,,,,,,,,,,,,,,,,,,,,100,100,100,100,100,100,100,100,100,100,100,100,100,100,100,100,100,100,100,100,100,100,100,100,100,100,100,100,100,100,100,100,100,,United Arab Emirates,ARE,Access to electricity (% of population),EG.ELC.ACCS.ZS,,
,,,,,,,,,,,,,,,,,,,,,,,,,,,,,,92.15480042,92.4921875,92.82945251,93.16604614,93.50127411,93.83446503,94.16493988,94.49201202,94.81500244,95.13315582,95.7,95.5,96.1,96.3,96.5,96.7,97,97.2,97.5,97.8,98.8,99,99.1,99.3,100,99.7,99.9,100,100,100,100,100,100,,Argentina,ARG,Access to electricity (% of population),EG.ELC.ACCS.ZS,,
,,,,,,,,,,,,,,,,,,,,,,,,,,,,,,,,,,,,,,,,98.9,100,98,99.1,99.1,99.8,99.1,99.2,99.2,99.3,99.8,99.5,99.5,99.4,99.7,100,99.8,99.7,99.9,100,100,100,100,,Armenia,ARM,Access to electricity (% of population),EG.ELC.ACCS.ZS,,
,,,,,,,,,,,,,,,,,,,,,,,,,,,,,,,,,,,,,,,,,,,,,,,,,,,,,,,,,,,,,,,,American Samoa,ASM,Access to electricity (% of population),EG.ELC.ACCS.ZS,,
,,,,,,,,,,,,,,,,,,,,,,,,,,,,,,95.76304626,95.94065094,96.11813354,96.29494476,96.47039032,96.64379883,96.81448364,96.98177338,97.14498138,97.30335236,97.7,97.7,100,97.9,97.9,92.2,100,100,100,98.5,98.7,94.6,100,100,100,100,100,100,100,100,100,100,100,,Antigua and Barbuda,ATG,Access to electricity (% of population),EG.ELC.ACCS.ZS,,
,,,,,,,,,,,,,,,,,,,,,,,,,,,,,,100,100,100,100,100,100,100,100,100,100,100,100,100,100,100,100,100,100,100,100,100,100,100,100,100,100,100,100,100,100,100,100,100,,Australia,AUS,Access to electricity (% of population),EG.ELC.ACCS.ZS,,
,,,,,,,,,,,,,,,,,,,,,,,,,,,,,,100,100,100,100,100,100,100,100,100,100,100,100,100,100,100,100,100,100,100,100,100,100,100,100,100,100,100,100,100,100,100,100,100,,Austria,AUT,Access to electricity (% of population),EG.ELC.ACCS.ZS,,
,,,,,,,,,,,,,,,,,,,,,,,,,,,,,,,,,,,,,,,97,98.9,98.6,100,98.8,99,99.1,99.5,99.5,99.7,99.9,99.9,99.9,100,100,100,100,100,100,100,100,100,100,100,,Azerbaijan,AZE,Access to electricity (% of population),EG.ELC.ACCS.ZS,,
,,,,,,,,,,,,,,,,,,,,,,,,,,,,,,,,,,,,,,3.9,2.070949316,2.5,2.8,3.1,3.4,3.7,3.2,2.7,4.7,4.8,5.4,5.3,6.2,6.5,6.9,7,7.9,8.5,9.3,9.5,9.8,9.1,10.2,10.3,,Burundi,BDI,Access to electricity (% of population),EG.ELC.ACCS.ZS,,
,,,,,,,,,,,,,,,,,,,,,,,,,,,,,,100,100,100,100,100,100,100,100,100,100,100,100,100,100,100,100,100,100,100,100,100,100,100,100,100,100,100,100,100,100,100,100,100,,Belgium,BEL,Access to electricity (% of population),EG.ELC.ACCS.ZS,,
,,,,,,,,,,,,,,,,,,,,,,,,,,,,,,,,,,,,14.5,18.58962631,19.5782547,20.56204224,21.5,21.9,23.4,24.3,25.2,26.1,27.9,28,29,30,34.2,36.9,38.4,34.7,34.1,29.6,37,34.5,39,40,41,42,56.5,,Benin,BEN,Access to electricity (% of population),EG.ELC.ACCS.ZS,,
,,,,,,,,,,,,,,,,,,,,,,,,,,,,,,,,,6.1,6.125010014,6.625332832,7.122936249,7.617139816,8.107264519,6.9,9.1,9.5,9.9,11.4,10.7,11.1,11.6,12,12.5,12.6,13.1,14.8,15.1,15.4,19.2,16.2,16.6,17,14.4,17.6,18.5,19,19.5,,Burkina Faso,BFA,Access to electricity (% of population),EG.ELC.ACCS.ZS,,
,,,,,,,,,,,,,,,,,,,,,,,,,,,,,,,14.29,9.90541935,12.71788025,17.8,18.33804512,21.14438629,22.4,26.74619293,29.54021454,32,35,37.8,40.5,40.6,44.2,50.5,46.5,54.3,57.1,55.3,59.6,65.5,61.5,62.4,74,75.9,88,86.9,92.2,96.2,99,99.4,,Bangladesh,BGD,Access to electricity (% of population),EG.ELC.ACCS.ZS,,
,,,,,,,,,,,,,,,,,,,,,,,,,,,,,,100,100,100,100,100,100,100,100,100,100,88.1,88.6,89.1,89.6,90.1,90.6,91.2,91.7,92.3,92.9,93.5,94.1,94.7,95.3,95.9,96.6,97.3,98.1,98.7,99.2,99.7,99.8,100,,Bulgaria,BGR,Access to electricity (% of population),EG.ELC.ACCS.ZS,,
,,,,,,,,,,,,,,,,,,,,,,,,,,,,,,99.94139862,99.96739197,99.98718262,99.99713898,99.99977112,100,100,100,100,100,100,100,100,100,100,100,100,100,100,100,100,100,100,100,100,100,100,100,100,100,100,100,100,,Bahrain,BHR,Access to electricity (% of population),EG.ELC.ACCS.ZS,,
,,,,,,,,,,,,,,,,,,,,,,,,,,,,,,100,100,100,100,100,100,100,100,100,100,100,100,100,100,100,100,100,100,100,100,100,100,100,100,100,100,100,100,100,100,100,100,100,,"Bahamas, The",BHS,Access to electricity (% of population),EG.ELC.ACCS.ZS,,
,,,,,,,,,,,,,,,,,,,,,,,,,,,,,,100,100,100,100,100,100,100,100,100,100,99,99.4,98.5,99,99.1,99.1,99.4,99.7,99.3,99.4,99.5,99.7,99.7,99.5,99.9,99.7,100,100,100,100,100,100,100,,Bosnia and Herzegovina,BIH,Access to electricity (% of population),EG.ELC.ACCS.ZS,,
,,,,,,,,,,,,,,,,,,,,,,,,,,,,,,100,100,100,100,100,100,100,100,100,100,89,89.5,90,90.5,91,91.5,92.1,92.6,93.2,93.8,94.4,95,95.6,96.2,96.8,97.4,98,98.7,99.3,100,100,100,100,,Belarus,BLR,Access to electricity (% of population),EG.ELC.ACCS.ZS,,
,,,,,,,,,,,,,,,,,,,,,,,,,,,,,,,67,72.22491455,73.12332916,74.02038574,74.91539764,75.80769348,76.69658661,77.58140564,78.46138,79,80.2,81,81.8,82.6,83.5,91,85.2,86.1,86.9,89.9,91.7,90.9,91.1,91.5,91.8,93.3,94.2,91.7,92.7,96.8,97.7,98.6,,Belize,BLZ,Access to electricity (% of population),EG.ELC.ACCS.ZS,,
,,,,,,,,,,,,,,,,,,,,,,,,,,,,,,100,100,100,100,100,100,100,100,100,100,100,100,100,100,100,100,100,100,100,100,100,100,100,100,100,100,100,100,100,100,100,100,100,,Bermuda,BMU,Access to electricity (% of population),EG.ELC.ACCS.ZS,,
,,,,,,,,,,,,,,,,,,,,,,,,,,,,,,,,60.0279007,61.38402939,64.1,64.09152985,71,67.330431,71.2,70.929888,70,69.3,64,72.3,75.9,68.3,76.2,80.2,84.7,86.8,88,88.3,90.4,89.5,90,91.5,91.8,91.8,92.8,95.1,97.2,98.6,99.9,,Bolivia,BOL,Access to electricity (% of population),EG.ELC.ACCS.ZS,,
,,,,,,,,,,,,,,,,,,,,,,,,,,,,,,87.475116,90.60654449,88.803833,89.999927,91.88372803,91.728598,92.867095,93.354139,94.193812,94.76296,94.4,96,96.7,97,96.8,97.1,97.6,98.1,98.5,98.9,98.6,99.3,99.5,99.6,99.7,99.7,99.7,99.8,99.7,99.8,99.7,99.5,100,,Brazil,BRA,Access to electricity (% of population),EG.ELC.ACCS.ZS,,
,,,,,,,,,,,,,,,,,,,,,,,,,,,,,,99.98425293,99.99343872,99.99868774,100,100,100,100,100,100,100,100,100,100,100,99.9,99.9,100,100,100,100,100,100,100,100,100,100,100,100,100,100,100,100,100,,Barbados,BRB,Access to electricity (% of population),EG.ELC.ACCS.ZS,,
,,,,,,,,,,,,,,,,,,,,,,,,,,,,,,100,100,100,100,100,100,100,100,100,100,100,100,100,100,100,100,100,100,100,100,100,100,100,100,100,100,100,100,100,100,100,100,100,,Brunei Darussalam,BRN,Access to electricity (% of population),EG.ELC.ACCS.ZS,,
,,,,,,,,,,,,,,,,,,,,,,,,,,,,,,,,,,,,,,,,31.2,40.2,44.1,41.1,51.9,59.8,59.7,71.8,67.6,71.5,73.3,81.8,91.5,87.4,91.4,95.4,99.3,97.7,100,100,100,100,100,,Bhutan,BTN,Access to electricity (% of population),EG.ELC.ACCS.ZS,,
,,,,,,,,,,,,,,,,,,,,,,,,,,,,,,,10.1,9.398226738,11.64207649,13.88456631,16.12501717,18.36274719,20.59707832,22.82732964,25.0527401,26.5,24.8,27,33.1,35.3,37.5,39.7,41.9,44.5,43.4,52,53.2,56,58,60,62.1,64.2,67.4,68.3,70.1,71.8,73.7,75.9,,Botswana,BWA,Access to electricity (% of population),EG.ELC.ACCS.ZS,,
,,,,,,,,,,,,,,,,,,,,,,,,,,,,,,,,,,,3,3.334915638,3.830210209,4.321425438,4.807798386,6,5.7,6.1,6.6,7,7.4,7.8,8.4,7.5,9.4,9.8,10.4,11,11.5,12,12.7,13.4,14.1,14.6,14.3,15.4,15.7,15.7,,Central African Republic,CAF,Access to electricity (% of population),EG.ELC.ACCS.ZS,,
,,,,,,,,,,,,,,,,,,,,,,,,,,,,,,100,100,100,100,100,100,100,100,100,100,100,100,100,100,100,100,100,100,100,100,100,100,100,100,100,100,100,100,100,100,100,100,100,,Canada,CAN,Access to electricity (% of population),EG.ELC.ACCS.ZS,,
,,,,,,,,,,,,,,,,,,,,,,,,,,,,,,100,100,100,100,100,100,100,100,100,100,97.92626353,98.02353797,98.14155832,98.1907969,98.26792983,98.32069984,98.42428178,98.52764464,98.66885655,98.85866012,98.96442715,99.06829872,99.20288036,99.304672,99.40604076,99.5333634,99.6409785,99.8691426,99.87295164,99.94550109,99.97964179,99.98643619,100,,Central Europe and the Baltics,CEB,Access to electricity (% of population),EG.ELC.ACCS.ZS,,
,,,,,,,,,,,,,,,,,,,,,,,,,,,,,,100,100,100,100,100,100,100,100,100,100,100,100,100,100,100,100,100,100,100,100,100,100,100,100,100,100,100,100,100,100,100,100,100,,Switzerland,CHE,Access to electricity (% of population),EG.ELC.ACCS.ZS,,
,,,,,,,,,,,,,,,,,,,,,,,,,,,,,,100,100,100,100,100,100,100,100,100,100,100,100,100,100,100,100,100,100,100,100,100,100,100,100,100,100,100,100,100,100,100,100,100,,Channel Islands,CHI,Access to electricity (% of population),EG.ELC.ACCS.ZS,,
,,,,,,,,,,,,,,,,,,,,,,,,,,,,,,92.257427,94.78162384,94.560057,95.27372742,95.51807404,95.76038361,95.617315,96.23616791,97.241124,96.69554901,97.9,97.1,97.3,98.8,97.5,97.7,99.4,98,98.2,99.6,99.5,99.6,100,99.6,100,99.7,100,99.7,100,100,100,100,100,,Chile,CHL,Access to electricity (% of population),EG.ELC.ACCS.ZS,,
,,,,,,,,,,,,,,,,,,,,,,,,,,,,,,,,,,,,,,,,96.7,97,97.2,97.4,97.7,97.9,98.2,98.5,98.8,99.1,99.7,99.9,99.9,100,100,100,100,100,100,100,100,100,100,,China,CHN,Access to electricity (% of population),EG.ELC.ACCS.ZS,,
,,,,,,,,,,,,,,,,,,,,,,,,,,,,,,,,,,36.5,43.63125229,44.64821243,45.66176987,46.67124557,48.2,48.7,49.7,51.4,51.5,52.4,58.9,60.2,55.3,60.3,57.3,58.4,55.8,55.8,61.5,61.9,62.6,64.3,65.6,67.1,68.6,69.9,71.1,70.4,,Cote d'Ivoire,CIV,Access to electricity (% of population),EG.ELC.ACCS.ZS,,
,,,,,,,,,,,,,,,,,,,,,,,,,,,,,,,29,32.69752502,33.84919357,34.99950409,36.14777374,37.29332352,38.4354744,40.7,40.70677567,41,46.2,44,45.1,47.1,47.2,49,48.2,50.6,51.7,52.8,53.7,55.2,56.3,56.8,58.6,59.8,60.9,62.2,63.2,64.3,65.4,71,,Cameroon,CMR,Access to electricity (% of population),EG.ELC.ACCS.ZS,,
,,,,,,,,,,,,,,,,,,,,,,,,,,,,,,,,,,,,,,,,6.7,7.1,7.7,8.3,9,6,10.2,15.2,11.6,12.3,13,13.7,15.4,15.2,13.5,16.6,17.3,18,18.7,19.1,20.1,20.8,21.5,,"Congo, Dem. Rep.",COD,Access to electricity (% of population),EG.ELC.ACCS.ZS,,
,,,,,,,,,,,,,,,,,,,,,,,,,,,,,,,,,,,,,,,,29.4,30.3,31.2,32.1,33,33.8,34.9,35.8,36.8,37.1,40,40.8,41.6,42.5,43.4,44.3,45.3,46.2,47,47.7,48.7,49.7,50.6,,"Congo, Rep.",COG,Access to electricity (% of population),EG.ELC.ACCS.ZS,,
,,,,,,,,,,,,,,,,,,,,,,,,,,,,,,89.9,91.83665466,92.13265991,92.42799377,92.72196198,91.2,93.30310059,93.58891296,93.87064362,94.1475296,95.2,98.5,94.9,95.1,95.3,96.8,95.7,96,96.8,96.1,96.8,96.7,97,97.8,97.8,98.2,98.4,98.5,98.5,99.4,99.7,100,100,,Colombia,COL,Access to electricity (% of population),EG.ELC.ACCS.ZS,,
,,,,,,,,,,,,,,,,,,,,,,,,,,,,,,,,,,,,28.9,32.76241302,35.0945282,37.42180252,39.8,42,44.8,46.5,48.7,51,53.2,55.5,57.8,60.1,69.7,69.3,69.3,69.4,71.8,74.1,76.4,78.7,81,83.3,85.6,87.9,89.9,,Comoros,COM,Access to electricity (% of population),EG.ELC.ACCS.ZS,,
,,,,,,,,,,,,,,,,,,,,,,,,,,,,,,,,,,,,,,,,58.6,60.3,58.6,63.7,65.4,67,68.8,70.5,72.3,74.1,81.1,82.3,83.2,84.3,85.3,86.4,87.5,88.6,90.2,91.4,93.7,95.5,97.1,,Cabo Verde,CPV,Access to electricity (% of population),EG.ELC.ACCS.ZS,,
,,,,,,,,,,,,,,,,,,,,,,,,,,,,,,,,,,,,,,,,96.9,98.2,98.5,98.7,99,99.1,99.1,99.2,99.3,99.4,99,99.2,99.5,99.6,99.4,99.4,99.5,99.6,99.7,99.7,99.9,100,100,,Costa Rica,CRI,Access to electricity (% of population),EG.ELC.ACCS.ZS,,
,,,,,,,,,,,,,,,,,,,,,,,,,,,,,,,,,82.60312597,82.12856,82.65028449,83.16390129,83.67078803,83.89847972,87.4334771,87.02726671,87.63822327,88.02296994,88.21512441,88.59932615,88.86684186,88.20266327,89.86852656,90.41007072,90.11933752,91.51591813,92.58390528,93.07965708,93.53913997,93.95553034,94.48398558,95.16978906,95.74303312,95.8047674,96.22157008,97.04148903,97.3939356,97.59329329,,Caribbean small states,CSS,Access to electricity (% of population),EG.ELC.ACCS.ZS,,
,,,,,,,,,,,,,,,,,,,,,,,,,,,,,,,,,,,,,,,,97,96.2,95.5,96.5,96.6,96.8,96.9,97.1,97.3,97.6,97.8,98,98.3,98.5,98.7,99,99.2,99.4,99.6,99.8,99.9,100,100,,Cuba,CUB,Access to electricity (% of population),EG.ELC.ACCS.ZS,,
,,,,,,,,,,,,,,,,,,,,,,,,,,,,,,100,100,100,100,100,100,100,100,100,100,100,99.9,99.9,99.8,99.8,99.7,99.7,99.7,99.7,99.7,100,100,100,100,100,100,100,100,100,100,100,100,100,,Curacao,CUW,Access to electricity (% of population),EG.ELC.ACCS.ZS,,
,,,,,,,,,,,,,,,,,,,,,,,,,,,,,,99.84692383,99.8788147,99.91024017,100,100,100,100,100,100,100,100,100,100,100,100,100,100,100,100,100,100,100,100,100,100,100,100,100,100,100,100,100,100,,Cayman Islands,CYM,Access to electricity (% of population),EG.ELC.ACCS.ZS,,
,,,,,,,,,,,,,,,,,,,,,,,,,,,,,,100,100,100,100,100,100,100,100,100,100,100,100,100,100,100,100,100,100,100,100,100,100,100,100,100,100,100,100,100,100,100,100,100,,Cyprus,CYP,Access to electricity (% of population),EG.ELC.ACCS.ZS,,
,,,,,,,,,,,,,,,,,,,,,,,,,,,,,,100,100,100,100,100,100,100,100,100,100,100,100,100,100,100,100,100,100,100,100,100,100,100,100,100,100,100,100,100,100,100,100,100,,Czechia,CZE,Access to electricity (% of population),EG.ELC.ACCS.ZS,,
,,,,,,,,,,,,,,,,,,,,,,,,,,,,,,100,100,100,100,100,100,100,100,100,100,100,100,100,100,100,100,100,100,100,100,100,100,100,100,100,100,100,100,100,100,100,100,100,,Germany,DEU,Access to electricity (% of population),EG.ELC.ACCS.ZS,,
,,,,,,,,,,,,,,,,,,,,,,,,,,,,,,,,,,,,62,56.29449463,56.32225418,56.34516907,56,56.1,49.7,56.4,56.6,56.8,55.5,57.2,57.4,57.6,57.9,58.1,54.6,58.6,58.9,59.1,59.8,60.2,62.4,64.7,64.5,65.4,65,,Djibouti,DJI,Access to electricity (% of population),EG.ELC.ACCS.ZS,,
,,,,,,,,,,,,,,,,,,,,,,,,,,,,,,,,,,,,,,75,79.62191772,81.1,82.1,87.7,84,85,86,87,88.1,90.9,90.2,91.3,90.1,93.5,94.6,95.7,96.7,97.8,98.9,99.6,99.9,100,100,100,,Dominica,DMA,Access to electricity (% of population),EG.ELC.ACCS.ZS,,
,,,,,,,,,,,,,,,,,,,,,,,,,,,,,,100,100,100,100,100,100,100,100,100,100,100,100,100,100,100,100,100,100,100,100,100,100,100,100,100,100,100,100,100,100,100,100,100,,Denmark,DNK,Access to electricity (% of population),EG.ELC.ACCS.ZS,,
,,,,,,,,,,,,,,,,,,,,,,,,,,,,,,,78.2,82.48540497,83.25549316,84.02422333,84.79090881,85.55487823,86.31544495,87.07193756,91,88.8,89.8,89.7,89.2,90.3,90.1,90.1,96.9,97.6,97.9,98.1,97.9,97.9,98.4,98.5,98.6,98.9,100,98.9,99,100,98.1,98.1,,Dominican Republic,DOM,Access to electricity (% of population),EG.ELC.ACCS.ZS,,
,,,,,,,,,,,,,,,,,,,,,,,,,,,,,,,,,,,,,,,,98.6,98.6,98.6,98.6,98.6,98.6,98.7,98.7,99.3,98.8,98.9,99,98.8,99.2,99.3,99.4,99.4,99.5,99.6,99.5,99.7,99.8,100,,Algeria,DZA,Access to electricity (% of population),EG.ELC.ACCS.ZS,,
,,,,,,,,,,,,,,,,,,,,,,,,,,,,,,,,,,,,,,,,91.15819409,91.70459382,92.17686823,92.40106314,93.27770056,92.87168586,94.05800763,94.06267438,94.6803303,94.44395844,95.07172541,95.59908947,95.81255434,96.1103216,96.28706991,96.63574645,96.72431625,97.45174278,97.41613478,97.65243163,97.56871659,97.96179702,98.0261944,,East Asia & Pacific (excluding high income),EAP,Access to electricity (% of population),EG.ELC.ACCS.ZS,,
,,,,,,,,,,,,,,,,,,,,,,,,,,,,,,,,,55.79682549,56.53126543,58.28680205,60.00741184,61.97353591,63.51914107,66.21022881,67.56908344,68.32286971,69.20775017,70.93180767,71.14672062,72.78647873,73.82366992,75.69587208,77.43743094,78.32371367,79.43083869,81.19054667,82.08641351,83.81833318,84.77812904,86.85274879,88.3686079,90.5262379,92.03491405,92.83436574,93.49260756,95.28516317,95.18516344,,Early-demographic dividend,EAR,Access to electricity (% of population),EG.ELC.ACCS.ZS,,
,,,,,,,,,,,,,,,,,,,,,,,,,,,,,,,,,,,,,,,,92.08065631,92.56690405,92.98686892,93.18444007,93.96747389,93.59955351,94.66264631,94.66543925,95.21945282,94.99907868,95.56260348,96.03563451,96.22593777,96.49239539,96.65022782,96.96350362,97.04227527,97.69802339,97.66502026,97.87794279,97.80136598,98.15554502,98.21324108,,East Asia & Pacific,EAS,Access to electricity (% of population),EG.ELC.ACCS.ZS,,
,,,,,,,,,,,,,,,,,,,,,,,,,,,,,,,,,,,,,,,,98.99258372,99.06290429,99.14407448,99.14196272,99.12895185,99.25347577,99.21489086,99.3351958,99.37451346,99.44589104,99.60628398,99.61635442,99.69336096,99.7278582,99.7837598,99.7676812,99.86558918,99.91838219,99.94232008,99.96637134,99.97777737,99.9616381,99.99146445,,Europe & Central Asia (excluding high income),ECA,Access to electricity (% of population),EG.ELC.ACCS.ZS,,
,,,,,,,,,,,,,,,,,,,,,,,,,,,,,,100,100,100,100,100,99.99787463,99.97149827,99.96528521,99.96729006,99.87137596,99.11370586,99.16393252,99.20259636,99.21152377,99.23754508,99.27829502,99.30025524,99.36194193,99.4071122,99.46523966,99.66472526,99.66342378,99.82790458,99.84893432,99.87540933,99.16697762,99.82830651,99.9637094,99.97047276,99.95331425,99.97602368,99.9881579,99.99772365,,Europe & Central Asia,ECS,Access to electricity (% of population),EG.ELC.ACCS.ZS,,
,,,,,,,,,,,,,,,,,,,,,,,,,,,,,,,,,,,89.830167,92.05137634,92.4298172,92.726642,93.071434,93.7,94,94.2,95,94.8,95.8,96.3,96.8,97.2,96.5,97.5,96.9,97.2,98,99,98.8,98.7,99.2,98.7,99.1,98.9,100,100,,Ecuador,ECU,Access to electricity (% of population),EG.ELC.ACCS.ZS,,
,,,,,,,,,,,,,,,,,,,,,,,,,,,,,,,,93.4,95.39224243,95.64853668,95.5,96.15432739,96.40246582,96.64652252,96.88573456,97.7,97.4,97.5,98.8,97.8,99.4,99,98.4,99.8,98.9,99.4,99.4,99.7,99.9,99.8,99.3,100,100,100,100,100,100,100,,"Egypt, Arab Rep.",EGY,Access to electricity (% of population),EG.ELC.ACCS.ZS,,
,,,,,,,,,,,,,,,,,,,,,,,,,,,,,,100,100,100,100,100,100,100,100,100,100,99.9939025,99.99397567,99.99230348,99.99240867,99.99055549,99.98911192,99.98732643,99.98972933,99.99240362,99.99534431,99.99603869,99.99611337,100,100,100,100,100,100,100,100,100,100,100,,Euro area,EMU,Access to electricity (% of population),EG.ELC.ACCS.ZS,,
,,,,,,,,,,,,,,,,,,,,,,,,,,,,,,,,,,,22.9,24.75544739,25.8746109,26.9896946,28.09993553,29.3,30.3,32.2,32.4,33.4,34.5,35.6,36.7,37.8,38.9,40.1,41.2,42.3,43.5,44.6,45.8,46.9,48,49.1,50.3,51.4,52.5,55.4,,Eritrea,ERI,Access to electricity (% of population),EG.ELC.ACCS.ZS,,
,,,,,,,,,,,,,,,,,,,,,,,,,,,,,,100,100,100,100,100,100,100,100,100,100,100,100,100,100,100,100,100,100,100,100,100,100,100,100,100,100,100,100,100,100,100,100,100,,Spain,ESP,Access to electricity (% of population),EG.ELC.ACCS.ZS,,
,,,,,,,,,,,,,,,,,,,,,,,,,,,,,,100,100,100,100,100,100,100,100,100,100,100,100,100,100,100,100,100,100,100,100,100,100,100,100,100,100,100,100,100,100,100,100,100,,Estonia,EST,Access to electricity (% of population),EG.ELC.ACCS.ZS,,
,,,,,,,,,,,,,,,,,,,,,,,,,,,,,,,,,,,,,,,,12.7,10.2,11.9,13.5,15.2,14,18.6,20.3,22,23.7,25.5,23,29,30.8,27.2,29,42.9,44.3,44.8,48,51.1,54.2,55,,Ethiopia,ETH,Access to electricity (% of population),EG.ELC.ACCS.ZS,,
,,,,,,,,,,,,,,,,,,,,,,,,,,,,,,100,100,100,100,100,100,100,100,100,100,99.47619388,99.50504544,99.53868806,99.55391016,99.57569454,99.59119367,99.61862252,99.64615599,99.68225723,99.72872852,99.75510047,99.77979637,99.81231275,99.83702671,99.86142398,99.89161684,99.91700139,99.96987037,99.97085613,99.98752566,99.9953535,99.99692394,100,,European Union,EUU,Access to electricity (% of population),EG.ELC.ACCS.ZS,,
,,,,,,,,,,,,,,,,,,,,,,,,,,,,,,,,,,,,,,,,40.59829676,41.1008972,41.64392528,43.39370511,42.73101915,42.83260765,44.27517635,45.01728599,44.77445513,45.78703411,46.08343952,47.9278089,48.98389382,50.62401865,50.03344168,50.08183173,54.19474208,54.56317527,54.58312267,55.50163128,56.3464084,57.86152994,57.81814182,,Fragile and conflict affected situations,FCS,Access to electricity (% of population),EG.ELC.ACCS.ZS,,
,,,,,,,,,,,,,,,,,,,,,,,,,,,,,,100,100,100,100,100,100,100,100,100,100,100,100,100,100,100,100,100,100,100,100,100,100,100,100,100,100,100,100,100,100,100,100,100,,Finland,FIN,Access to electricity (% of population),EG.ELC.ACCS.ZS,,
,,,,,,,,,,,,,,,,,,,,,,,,,,,,,,,,,,,,66.9,71.77151489,73.08958435,74.40281677,76.8,77.7,79.6,80,80.6,81.6,82.6,88.9,86.2,85.6,92.4,92.5,92.6,91.8,93,93.2,93.4,96,95.1,96.1,97.1,92.1,92,,Fiji,FJI,Access to electricity (% of population),EG.ELC.ACCS.ZS,,
,,,,,,,,,,,,,,,,,,,,,,,,,,,,,,100,100,100,100,100,100,100,100,100,100,100,100,100,100,100,100,100,100,100,100,100,100,100,100,100,100,100,100,100,100,100,100,100,,France,FRA,Access to electricity (% of population),EG.ELC.ACCS.ZS,,
,,,,,,,,,,,,,,,,,,,,,,,,,,,,,,100,100,100,100,100,100,100,100,100,100,100,100,100,100,100,100,100,100,100,100,100,100,100,100,100,100,100,100,100,100,100,100,100,,Faroe Islands,FRO,Access to electricity (% of population),EG.ELC.ACCS.ZS,,
,,,,,,,,,,,,,,,,,,,,,,,,,,,,,,,,,,,,,,,,46,48.4,50.1,51.8,53.5,55.2,57,58.7,60.5,62.2,64.5,66.3,67.8,69.4,71.2,73,74.8,76.5,78.3,80.1,81.9,83.6,85.3,,"Micronesia, Fed. Sts.",FSM,Access to electricity (% of population),EG.ELC.ACCS.ZS,,
,,,,,,,,,,,,,,,,,,,,,,,,,,,,,,,,,,,,,,,,73.6,77.2,77.8,78.5,79.2,81.6,80.5,81.3,82,82.7,89.3,88.7,89.3,86.4,87.1,87.3,88.1,86.3,89.6,90.3,91.1,91.8,93.5,,Gabon,GAB,Access to electricity (% of population),EG.ELC.ACCS.ZS,,
,,,,,,,,,,,,,,,,,,,,,,,,,,,,,,100,100,100,100,100,100,100,100,100,100,100,100,100,100,100,100,100,100,100,100,100,100,100,100,100,100,100,100,100,100,100,100,100,,United Kingdom,GBR,Access to electricity (% of population),EG.ELC.ACCS.ZS,,
,,,,,,,,,,,,,,,,,,,,,,,,,,,,,,,,,,,,,,,,99.8,99.8,99.9,100,99.9,97.9,100,100,100,100,100,100,100,100,100,100,100,100,99.9,100,100,100,100,,Georgia,GEO,Access to electricity (% of population),EG.ELC.ACCS.ZS,,
,,,,,,,,,,,,,,,,,,,,,,,,,,,,,,,,,30.6,30.36940575,32.4504509,34.52877045,36.60369492,42.6,40.74053955,43.7,44.8,46.8,48.3,50.8,41.3,55.1,56.9,60.5,61.1,64.2,64.1,56.5,70.7,78.3,74,79.3,79,80.4,83.5,85.4,86.3,85.1,,Ghana,GHA,Access to electricity (% of population),EG.ELC.ACCS.ZS,,
,,,,,,,,,,,,,,,,,,,,,,,,,,,,,,100,100,100,100,100,100,100,100,100,100,99.9,99.9,99.8,99.8,99.7,99.7,99.7,99.7,99.7,100,100,99.8,99.9,99.9,99.9,100,100,100,100,100,100,100,100,,Gibraltar,GIB,Access to electricity (% of population),EG.ELC.ACCS.ZS,,
,,,,,,,,,,,,,,,,,,,,,,,,,,,,,,,,,,,,,,,16.4,15.2,16.4,17.7,18.9,20.2,20.2,22.8,24.1,25.4,26.7,28.1,29.5,26.2,32.2,33.5,34.9,33.5,35.4,45,42.2,44.7,46.8,47.7,,Guinea,GIN,Access to electricity (% of population),EG.ELC.ACCS.ZS,,
,,,,,,,,,,,,,,,,,,,,,,,,,,,,,,,,,17.7,18.25004959,19.92144394,21.59011841,23.25539207,24.91658783,26.57294083,34.3,29.9,31.5,27.8,34.8,30.5,38.1,39.8,41.5,43.2,46.8,48.3,49.9,51.5,53,54.7,56.4,56.2,60.3,62.1,62.2,63.7,65.4,,"Gambia, The",GMB,Access to electricity (% of population),EG.ELC.ACCS.ZS,,
,,,,,,,,,,,,,,,,,,,,,,,,,,,,,,,,,,,,,,,,,,1.3,2.6,3.9,5.2,14.5,7.9,9.3,4.7,6,13.5,14.9,16.3,17.2,20.1,22.9,26,28.4,30.9,33.4,35.8,37.4,,Guinea-Bissau,GNB,Access to electricity (% of population),EG.ELC.ACCS.ZS,,
,,,,,,,,,,,,,,,,,,,,,,,,,,,,,,,,,,,,,,,,64.8,64.9,64.9,64.9,64.9,65,65.1,65.1,65.2,65.4,66.1,66.1,65.7,65.9,66,66.1,66.2,66.4,66.5,66.6,66.7,66.8,67,,Equatorial Guinea,GNQ,Access to electricity (% of population),EG.ELC.ACCS.ZS,,
,,,,,,,,,,,,,,,,,,,,,,,,,,,,,,100,100,100,100,100,100,100,100,100,100,100,100,100,100,100,100,100,100,100,100,100,100,100,100,100,100,100,100,100,100,100,100,100,,Greece,GRC,Access to electricity (% of population),EG.ELC.ACCS.ZS,,
,,,,,,,,,,,,,,,,,,,,,,,,,,,,,,,,,,,,,,85.04,85.52946472,86,86.3,86.6,86.9,87.2,87.5,87.9,88.2,90,89,89.4,88.8,90.2,90.6,91,91.4,91.8,92.2,92.3,93,93.4,93.7,94.2,,Grenada,GRD,Access to electricity (% of population),EG.ELC.ACCS.ZS,,
,,,,,,,,,,,,,,,,,,,,,,,,,,,,,,100,100,100,100,100,100,100,100,100,100,100,100,100,100,100,100,100,100,100,100,100,100,100,100,100,100,100,100,100,100,100,100,100,,Greenland,GRL,Access to electricity (% of population),EG.ELC.ACCS.ZS,,
,,,,,,,,,,,,,,,,,,,,,,,,,,,,,,,,,,,60.8,67.67993927,68.90407562,70.12413025,70.9,73.3,73.7,78.7,78.5,77.2,78.3,83.7,80.7,81.9,83.1,84.3,84,86.8,88.1,85.5,90.5,91.8,93.3,94.2,95.4,96.6,97.9,99.1,,Guatemala,GTM,Access to electricity (% of population),EG.ELC.ACCS.ZS,,
,,,,,,,,,,,,,,,,,,,,,,,,,,,,,,99.84430695,99.87581635,99.90686798,99.93725586,99.96508026,100,100,100,100,100,100,100,100,100,100,100,100,100,100,100,100,100,100,100,100,100,100,100,100,100,100,100,100,,Guam,GUM,Access to electricity (% of population),EG.ELC.ACCS.ZS,,
,,,,,,,,,,,,,,,,,,,,,,,,,,,,,,,,,72.376631,70.71398163,71.35198212,71.98726654,72.61915588,73.24695587,73.86991882,74.6,75.1,75.7,76.2,76.8,77.5,73.4,78.5,79.1,77.6,83.3,84.2,85.1,86,86.9,88,89,90,90.9,91.6,92.3,92.9,93,,Guyana,GUY,Access to electricity (% of population),EG.ELC.ACCS.ZS,,
,,,,,,,,,,,,,,,,,,,,,,,,,,,,,,99.84252007,99.87829991,99.8674248,99.8605148,99.86363638,99.86861574,99.86585412,99.87763942,99.8917654,99.88686324,99.45246266,99.47310006,99.49180218,99.53282669,99.52661002,99.53598744,99.58737409,99.59735956,99.62778837,99.67467897,99.78580297,99.78737272,99.89698966,99.89987249,99.9189169,99.44228356,99.87588205,99.96080758,99.96310571,99.95053797,99.9686545,99.97989025,99.97980695,,High income,HIC,Access to electricity (% of population),EG.ELC.ACCS.ZS,,
,,,,,,,,,,,,,,,,,,,,,,,,,,,,,,100,100,100,100,100,100,100,100,100,100,100,100,100,100,100,100,100,100,100,100,100,100,100,100,100,100,100,100,100,100,100,100,100,,"Hong Kong SAR, China",HKG,Access to electricity (% of population),EG.ELC.ACCS.ZS,,
,,,,,,,,,,,,,,,,,,,,,,,,,,,,,,,54.781937,58.913112,61.100156,64.733947,66.122022,61.68112,64.794754,66.859519,67.394103,67.4,64.2,63.1,65.1,67.1,68.9,71.3,73.5,76.4,78.3,81,82.2,83.6,87.2,88.7,90,91.6,86.5,91.6,91.1,93.1,94.1,94.4,,Honduras,HND,Access to electricity (% of population),EG.ELC.ACCS.ZS,,
,,,,,,,,,,,,,,,,,,,,,,,,,,,,,,,,,,,,,,,21.86000532,17.86752541,18.72379538,19.41958441,20.89011312,21.95034278,21.68200094,24.32418061,25.87887603,25.8533924,27.05990404,28.69998773,29.19588629,31.93153862,32.91619534,35.39899998,35.48391027,40.63292859,41.51839056,44.01328172,45.05224589,46.36404141,48.05095041,48.65539339,,Heavily indebted poor countries (HIPC),HPC,Access to electricity (% of population),EG.ELC.ACCS.ZS,,
,,,,,,,,,,,,,,,,,,,,,,,,,,,,,,100,100,100,100,100,100,100,100,100,100,100,100,100,100,99.9,99.9,99.8,99.8,100,100,100,100,100,100,100,100,100,100,100,100,100,100,100,,Croatia,HRV,Access to electricity (% of population),EG.ELC.ACCS.ZS,,
,,,,,,,,,,,,,,,,,,,,,,,,,,,,,,,,,,,31.3,30.01301765,30.55703735,31.09697533,31.63207245,33.7,31.5,33.1,31.6,34.1,34.5,33.9,35.5,36.1,36.6,37.2,37.8,37.9,38.9,39.6,40.8,40.4,43.3,44.4,45.4,46.3,47.2,49.3,,Haiti,HTI,Access to electricity (% of population),EG.ELC.ACCS.ZS,,
,,,,,,,,,,,,,,,,,,,,,,,,,,,,,,100,100,100,100,100,100,100,100,100,100,100,100,100,100,100,99.9,99.9,100,100,100,100,100,100,100,100,100,100,100,100,100,100,100,100,,Hungary,HUN,Access to electricity (% of population),EG.ELC.ACCS.ZS,,
,,,,,,,,,,,,,,,,,,,,,,,,,,,,,,,,,,,,,,,,84.52631702,85.24285591,85.58301892,86.5456103,86.70300098,87.72819384,88.16127733,89.32001375,90.16220174,90.67118018,91.45539251,92.51407835,92.77759989,93.79267438,94.4349905,95.18841419,95.84709525,96.61401929,97.7587635,97.88676431,98.06679299,99.11695171,98.97718177,,IBRD only,IBD,Access to electricity (% of population),EG.ELC.ACCS.ZS,,
,,,,,,,,,,,,,,,,,,,,,,,,,,,,,,,,,,,,,,,,74.0831791,74.70957219,75.19486368,76.24274601,76.2534687,77.17299872,77.96104661,78.71948608,79.56055169,80.05502025,80.75322347,82.01881064,82.53673464,83.45228835,84.03743854,84.89793656,86.28390856,87.26375092,88.29609518,88.6615854,89.00036921,90.10597848,90.02364271,,IDA & IBRD total,IBT,Access to electricity (% of population),EG.ELC.ACCS.ZS,,
,,,,,,,,,,,,,,,,,,,,,,,,,,,,,,,,,,,,,,37.01163026,38.35978535,36.40255304,37.18523856,38.71975515,40.54570778,40.50859322,41.52091832,43.95630979,44.17071282,45.45523947,46.34381863,47.23158684,49.57916325,51.2564518,52.20230276,52.9422008,54.45746386,58.32641422,60.26793326,61.33945504,62.75446943,63.92966234,65.60173595,66.11973189,,IDA total,IDA,Access to electricity (% of population),EG.ELC.ACCS.ZS,,
,,,,,,,,,,,,,,,,,,,,,,,,,,,,,,,,,,,,,,54.54670653,55.76287093,55.9714119,57.07790195,57.75931385,60.51237526,59.51581642,60.33449591,61.21262604,62.6341199,63.45523698,63.3428186,64.19403033,68.61672934,68.31122842,69.54896955,68.7595094,69.05845449,72.89851697,71.90605471,73.39469,74.11345918,74.64222061,76.63231665,77.22022494,,IDA blend,IDB,Access to electricity (% of population),EG.ELC.ACCS.ZS,,
,,,,,,,,,,,,,,,,,,,,,,,,,,,,,,,48.9,66.69656372,55.43,62.8,66.86,72.39,80.3,80.94,83.73,86.3,86.3,87.6,87.9,89,84.8,90.6,91.1,92.7,93.6,94.2,94.8,96,96.5,97,97.5,97.6,98.1,98.5,98.9,97,99.2,100,,Indonesia,IDN,Access to electricity (% of population),EG.ELC.ACCS.ZS,,
,,,,,,,,,,,,,,,,,,,,,,,,,,,,,,,,,,,,,,,25.58571601,26.4350563,27.01195572,28.99865749,30.36544759,30.81744884,31.92832618,35.15896343,34.88149094,36.3861888,37.762065,38.64820777,39.93256204,42.61744251,43.42047333,44.94277674,47.08919479,50.99908538,54.43615363,55.3160845,57.09595507,58.6069711,60.13272121,60.62342162,,IDA only,IDX,Access to electricity (% of population),EG.ELC.ACCS.ZS,,
,,,,,,,,,,,,,,,,,,,,,,,,,,,,,,100,100,100,100,100,100,100,100,100,100,100,100,100,100,100,100,100,100,100,100,100,100,100,100,100,100,100,100,100,100,100,100,100,,Isle of Man,IMN,Access to electricity (% of population),EG.ELC.ACCS.ZS,,
,,,,,,,,,,,,,,,,,,,,,,,,,,,,,,,,,50.9,49.81130981,51.40877533,53.00352097,54.59486389,56.18213272,60.1,60.3,62,62.3,65.4,64.4,68.8,67.9,72.3,74.1,75,76.3,79.5,79.9,83.1,85.1,88,89.6,91.8,95.7,95.9,96.5,99.6,99.2,,India,IND,Access to electricity (% of population),EG.ELC.ACCS.ZS,,
,,,,,,,,,,,,,,,,,,,,,,,,,,,,,,,,,,,,,,,,,,,,,,,,,,,,,,,,,,,,,,,,Not classified,INX,Access to electricity (% of population),EG.ELC.ACCS.ZS,,
,,,,,,,,,,,,,,,,,,,,,,,,,,,,,,100,100,100,100,100,100,100,100,100,100,100,100,100,100,100,100,100,100,100,100,100,100,100,100,100,100,100,100,100,100,100,100,100,,Ireland,IRL,Access to electricity (% of population),EG.ELC.ACCS.ZS,,
,,,,,,,,,,,,,,,,,,,,,,,,,,,,,,,,,,,,,,,,97.9,98.1,98.1,98.2,98.3,98.4,98.4,98.7,98.8,99.7,99.4,99.5,99.5,99.8,100,100,100,99.9,100,100,100,100,100,,"Iran, Islamic Rep.",IRN,Access to electricity (% of population),EG.ELC.ACCS.ZS,,
,,,,,,,,,,,,,,,,,,,,,,,,,,,,,,,,,,,,,,,,96.8,96.9,97.1,97.2,97.3,97.4,97.6,98.1,97.9,98.1,98.4,98,99.3,99,99.2,99.4,99.7,99.9,99.9,100,100,100,100,,Iraq,IRQ,Access to electricity (% of population),EG.ELC.ACCS.ZS,,
,,,,,,,,,,,,,,,,,,,,,,,,,,,,,,100,100,100,100,100,100,100,100,100,100,100,100,100,100,100,100,100,100,100,100,100,100,100,100,100,100,100,100,100,100,100,100,100,,Iceland,ISL,Access to electricity (% of population),EG.ELC.ACCS.ZS,,
,,,,,,,,,,,,,,,,,,,,,,,,,,,,,,100,100,100,100,100,100,100,100,100,100,100,100,100,100,100,100,100,100,100,100,100,100,100,100,100,100,100,100,100,100,100,100,100,,Israel,ISR,Access to electricity (% of population),EG.ELC.ACCS.ZS,,
,,,,,,,,,,,,,,,,,,,,,,,,,,,,,,100,100,100,100,100,100,100,100,100,100,100,100,100,100,100,100,100,100,100,100,100,100,100,100,100,100,100,100,100,100,100,100,100,,Italy,ITA,Access to electricity (% of population),EG.ELC.ACCS.ZS,,
,,,,,,,,,,,,,,,,,,,,,,,,,,,,,,70.334586,77.22886658,78.03292084,78.83629608,79.63831329,80.43829346,85.706045,82.02940369,82.81917572,84.554112,84.4,87.7,86.7,86.5,87.2,88,88.7,89.4,92,91,92.2,91.1,93.1,93.9,93.3,94.9,96.6,97.4,98.2,98.9,99.7,100,100,,Jamaica,JAM,Access to electricity (% of population),EG.ELC.ACCS.ZS,,
,,,,,,,,,,,,,,,,,,,,,,,,,,,,,,96.8,97.85468292,97.97486115,98.09436035,98.21250153,98.32859802,98.44197845,98.9,98.65785217,98.75891113,99,99,99.5,99,99.2,99,100,98.8,100,99.4,100,99.6,99.5,99.7,99.8,99.9,100,100,99.9,99.9,99.9,99.9,100,,Jordan,JOR,Access to electricity (% of population),EG.ELC.ACCS.ZS,,
,,,,,,,,,,,,,,,,,,,,,,,,,,,,,,100,100,100,100,100,100,100,100,100,100,100,100,100,100,100,100,100,100,100,100,100,100,100,100,100,100,100,100,100,100,100,100,100,,Japan,JPN,Access to electricity (% of population),EG.ELC.ACCS.ZS,,
,,,,,,,,,,,,,,,,,,,,,,,,,,,,,,,,,,,99.9,99.19211578,99.26947021,99.34275055,97,99.6,99.7,99.8,99.9,100,100,99.8,100,100,100,100,99.8,100,100,100,100,100,100,100,100,100,100,100,,Kazakhstan,KAZ,Access to electricity (% of population),EG.ELC.ACCS.ZS,,
,,,,,,,,,,,,,,,,,,,,,,,,,,,,,,,,,10.9,3.473436832,5.427343369,7.378530502,9.326317787,14.5,13.20889187,15.2,17,18.9,16,22.6,24.5,26.4,28.3,30.3,23,19.2,36.2,38.1,40.1,36,41.6,53.1,55.8,61.2,69.7,71.5,76.5,76,,Kenya,KEN,Access to electricity (% of population),EG.ELC.ACCS.ZS,,
,,,,,,,,,,,,,,,,,,,,,,,,,,,,,,,,,,,,,99.8,99.55382538,99.56558228,99.6,99.5,100,99.4,99.3,99.4,98.9,99.5,99.5,99.5,99,98.3,99.8,98.9,99.8,98.7,99.7,100,100,99.9,99.9,99.7,99.7,,Kyrgyz Republic,KGZ,Access to electricity (% of population),EG.ELC.ACCS.ZS,,
,,,,,,,,,,,,,,,,,,,,,,,,,,,,,,,,,,,,,,18.67,8.820036888,16.6,9.5,13.1,19.3,14.2,20.5,27.5,20.2,26.4,25.6,31.1,37.4,42.3,50.9,56.1,62.7,68.8,89.1,80.7,84,86.4,82.5,92.3,,Cambodia,KHM,Access to electricity (% of population),EG.ELC.ACCS.ZS,,
,,,,,,,,,,,,,,,,,,,,,,,,,,,,,,,,,,,,,,,,55.6,57.3,59,60.7,62.4,69.7,68.8,67.7,69.4,64.2,63.2,74.9,76.7,78.8,83.4,90.6,92.6,85.7,87.5,89.3,91,92.8,94.4,,Kiribati,KIR,Access to electricity (% of population),EG.ELC.ACCS.ZS,,
,,,,,,,,,,,,,,,,,,,,,,,,,,,,,,91.3068161,91.6711731,92.03543091,92.39900208,92.76120758,93.12138367,93.47883606,93.83288574,94.18286133,94.52799225,95.4,93.5,95.8,96,96.3,96.5,96.7,97,97.3,97.6,99.8,100,100,100,100,100,100,100,100,100,100,100,100,,St. Kitts and Nevis,KNA,Access to electricity (% of population),EG.ELC.ACCS.ZS,,
,,,,,,,,,,,,,,,,,,,,,,,,,,,,,,99.88284302,99.91267395,99.94221497,99.96943665,99.98912048,100,100,100,100,100,100,100,100,100,100,100,100,100,100,100,100,100,100,100,100,100,100,100,100,100,100,100,100,,"Korea, Rep.",KOR,Access to electricity (% of population),EG.ELC.ACCS.ZS,,
,,,,,,,,,,,,,,,,,,,,,,,,,,,,,,100,100,100,100,100,100,100,100,100,100,100,100,100,100,100,100,100,100,100,100,100,100,100,100,100,100,100,100,100,100,100,100,100,,Kuwait,KWT,Access to electricity (% of population),EG.ELC.ACCS.ZS,,
,,,,,,,,,,,,,,,,,,,,,,,,,,,,,,,,87.85974495,88.52435812,89.52393042,87.71848132,88.81879561,89.28124538,89.94818754,90.61429871,91.1136468,91.74156107,92.0938214,92.31877436,92.7426463,93.09189731,93.81366695,94.11298633,94.92948335,95.10571387,95.59199069,95.94498897,96.32005964,96.65798481,96.81254075,97.07116646,97.30297972,97.57174751,97.57915685,97.85321104,98.00600175,98.13654482,98.47624554,,Latin America & Caribbean (excluding high income),LAC,Access to electricity (% of population),EG.ELC.ACCS.ZS,,
,,,,,,,,,,,,,,,,,,,,,,,,,,,,,,,,,31,25.605793,25,31.24769974,34.06389618,36.87601089,39.68328476,42.6,45.3,46.3,48,53.5,57.2,57,55,66,67.4,70.2,70,76.4,79.3,82.5,89.7,89,93.6,92.9,98.4,99.3,100,100,,Lao PDR,LAO,Access to electricity (% of population),EG.ELC.ACCS.ZS,,
,,,,,,,,,,,,,,,,,,,,,,,,,,,,,,,,,,,,,,,,99.3,99.3,99.3,99.2,99.9,99.2,99.4,97.8,99.9,99.3,99.5,99.7,99.5,99.6,99.7,99.7,99.8,99.9,99.7,100,100,100,100,,Lebanon,LBN,Access to electricity (% of population),EG.ELC.ACCS.ZS,,
,,,,,,,,,,,,,,,,,,,,,,,,,,,,,,,,,,,,,,,,,,,,,,,3,1.3,1.9,5.3,4.1,9.3,9.8,9.4,15.2,17.7,24.2,22.8,23.1,27.6,29.8,31.8,,Liberia,LBR,Access to electricity (% of population),EG.ELC.ACCS.ZS,,
,,,,,,,,,,,,,,,,,,,,,,,,,,,,,,,,,,,,,,,,99.8,96.9,95.2,93.5,91.8,90.1,88.4,86.8,85.1,83.5,81.9,80.3,78.7,77.1,75.5,73.8,72.2,70.6,67,68.5,69.4,70.2,70,,Libya,LBY,Access to electricity (% of population),EG.ELC.ACCS.ZS,,
,,,,,,,,,,,,,,,,,,,,,,,,,,,,,,,,,,,,,,,,86,89.9,87.7,88.5,89.3,90.1,90.9,91.8,92.7,93.5,94.2,95.4,95.3,97.2,98.1,99,99.8,99.9,100,100,100,100,100,,St. Lucia,LCA,Access to electricity (% of population),EG.ELC.ACCS.ZS,,
,,,,,,,,,,,,,,,,,,,,,,,,,,,,,,,,88.71432276,89.31822491,90.22308287,88.59950584,89.55790882,90.0158644,90.63688727,91.24758769,91.72250439,92.32534434,92.64873491,92.73481978,93.21472011,93.51949946,94.25589424,94.47682262,95.22194932,95.42684222,95.8747981,96.18506934,96.5713621,96.8678927,97.05936729,97.28895053,97.48185506,97.71359423,97.760335,98.00152664,98.15275945,98.27434537,98.5791345,,Latin America & Caribbean,LCN,Access to electricity (% of population),EG.ELC.ACCS.ZS,,
,,,,,,,,,,,,,,,,,,,,,,,,,,,,,,,,,,,,,,,,20.18221611,20.92655363,22.91938307,24.45241388,24.86279865,26.22402416,29.08377428,29.29805143,30.6821226,32.05789056,32.92964863,34.42000842,37.78439467,38.15737078,39.45669898,42.28138028,46.33213988,50.21073571,51.16741384,52.95146482,54.56250733,56.2251694,56.82640128,,Least developed countries: UN classification,LDC,Access to electricity (% of population),EG.ELC.ACCS.ZS,,
,,,,,,,,,,,,,,,,,,,,,,,,,,,,,,,,,,,,,,,,15.80546725,16.5424478,17.23333985,18.9624196,19.78719236,19.52070613,22.04798013,23.56985268,23.11803288,24.65759186,26.1750839,26.74294036,29.83990908,30.88191267,32.27891791,32.21262298,37.44630851,39.08054958,40.48436113,41.83698268,43.21794711,44.81637683,44.94832589,,Low income,LIC,Access to electricity (% of population),EG.ELC.ACCS.ZS,,
,,,,,,,,,,,,,,,,,,,,,,,,,,,,,,100,100,100,100,100,100,100,100,100,100,100,100,100,100,100,100,100,100,100,100,100,100,100,100,100,100,100,100,100,100,100,100,100,,Liechtenstein,LIE,Access to electricity (% of population),EG.ELC.ACCS.ZS,,
,,,,,,,,,,,,,,,,,,,,,,,,,,,,,,,,,,,,,,,,70.3,63.6,80.7,75,76.5,78.1,82.1,80,82.9,87.1,85.3,87.8,87,90.2,92.7,94.3,97.5,97.5,99.6,99.8,100,100,100,,Sri Lanka,LKA,Access to electricity (% of population),EG.ELC.ACCS.ZS,,
,,,,,,,,,,,,,,,,,,,,,,,,,,,,,,,,,47.23081856,47.17002054,48.41056534,50.12338054,52.74641748,55.66185852,58.18195035,58.26767067,59.44081772,60.40236231,62.78971499,62.60578475,65.32186065,66.03655066,68.00575627,69.88333983,70.62940663,71.74009263,74.65628332,75.19914066,77.17071981,78.34554927,80.72344096,82.77149157,84.72803684,86.98303688,87.68414423,88.45224039,90.62382257,90.61933474,,Lower middle income,LMC,Access to electricity (% of population),EG.ELC.ACCS.ZS,,
,,,,,,,,,,,,,,,,,,,,,,,,,,,,,,,,,,,,,,,,72.85446782,73.52409059,74.05038098,75.18258941,75.19562337,76.17571764,77.00183708,77.81199278,78.69870084,78.97965533,79.70777554,81.04694683,81.5788099,82.54872632,83.16778763,84.18631965,85.54825873,86.56514996,87.64929197,88.04908896,88.41205046,89.57009214,89.50025763,,Low & middle income,LMY,Access to electricity (% of population),EG.ELC.ACCS.ZS,,
,,,,,,,,,,,,,,,,,,,,,,,,,,,,,,,,,,,,,,,,4.3,1.3,3.4,5.4,6.8,9.6,9.7,13.9,16,17,17,22.5,20.6,26.9,27.8,31.8,35.1,33.7,47,44.6,47.5,50.4,50,,Lesotho,LSO,Access to electricity (% of population),EG.ELC.ACCS.ZS,,
,,,,,,,,,,,,,,,,,,,,,,,,,,,,,,,,,,,,,,,,95.24561417,95.91441044,96.24950851,96.45425056,96.733935,97.16849041,97.89020404,97.63002322,97.99770347,97.70214597,98.3648077,98.63845518,98.72453858,98.90698152,99.01330066,98.78916072,99.12466611,99.27957493,99.28723278,99.33565367,99.39267776,99.41669,99.48251755,,Late-demographic dividend,LTE,Access to electricity (% of population),EG.ELC.ACCS.ZS,,
,,,,,,,,,,,,,,,,,,,,,,,,,,,,,,100,100,100,100,100,100,100,100,100,100,99.5,99.5,99.4,99.4,99.4,99.4,99.4,99.4,99.4,99.5,99.7,99.7,100,100,100,100,100,100,100,100,100,100,100,,Lithuania,LTU,Access to electricity (% of population),EG.ELC.ACCS.ZS,,
,,,,,,,,,,,,,,,,,,,,,,,,,,,,,,100,100,100,100,100,100,100,100,100,100,100,100,100,100,100,100,100,100,100,100,100,100,100,100,100,100,100,100,100,100,100,100,100,,Luxembourg,LUX,Access to electricity (% of population),EG.ELC.ACCS.ZS,,
,,,,,,,,,,,,,,,,,,,,,,,,,,,,,,100,100,100,100,100,100,100,100,100,100,99.9,99.9,99.8,99.8,99.7,99.7,99.6,99.7,99.7,100,99.8,99.8,100,100,100,100,100,100,100,100,100,100,100,,Latvia,LVA,Access to electricity (% of population),EG.ELC.ACCS.ZS,,
,,,,,,,,,,,,,,,,,,,,,,,,,,,,,,99.84928131,99.88058472,99.91143036,99.94161987,100,100,100,100,100,100,100,100,100,100,100,100,100,100,100,100,100,100,100,100,100,100,100,100,100,100,100,100,100,,"Macao SAR, China",MAC,Access to electricity (% of population),EG.ELC.ACCS.ZS,,
,,,,,,,,,,,,,,,,,,,,,,,,,,,,,,100,100,100,100,100,100,100,100,100,100,100,99.9,99.9,99.8,99.8,99.7,99.7,99.7,99.7,99.7,100,100,100,100,100,100,100,100,100,100,100,100,100,,St. Martin (French part),MAF,Access to electricity (% of population),EG.ELC.ACCS.ZS,,
,,,,,,,,,,,,,,,,,,,,,,,,,,,,,,,,49.2,56.77265167,58.60889816,56.5,62.27459335,64.10268402,65.92668915,67.74585724,69.8,71.6,73.3,75.1,78.2,78.6,96.5,82.2,84.1,85.9,95.7,96.1,96.4,97.2,97.3,97.3,97.8,100,98.1,99.6,100,100,100,,Morocco,MAR,Access to electricity (% of population),EG.ELC.ACCS.ZS,,
,,,,,,,,,,,,,,,,,,,,,,,,,,,,,,100,100,100,100,100,100,100,100,100,100,100,100,100,100,100,100,100,100,100,100,100,100,100,100,100,100,100,100,100,100,100,100,100,,Monaco,MCO,Access to electricity (% of population),EG.ELC.ACCS.ZS,,
,,,,,,,,,,,,,,,,,,,,,,,,,,,,,,100,100,100,100,100,100,100,100,100,100,98.7,98.8,99,98.8,99.1,98.6,98.9,99,99.1,99.2,99.3,99.4,99.5,99.6,99.8,99.9,99.9,100,100,100,100,100,100,,Moldova,MDA,Access to electricity (% of population),EG.ELC.ACCS.ZS,,
,,,,,,,,,,,,,,,,,,,,,,,,,,,,,,,,9.2,10.10562325,10.56164837,11.01563454,11.46690083,10.9,12.35855484,12.79750061,12.6,14.8,14,20.3,15.3,16,16.8,17.5,18.3,17.4,12.3,14.3,18.7,12.9,23,23.8,22.9,24.1,36.5,31,32,35.1,36.1,,Madagascar,MDG,Access to electricity (% of population),EG.ELC.ACCS.ZS,,
,,,,,,,,,,,,,,,,,,,,,,,,,,,,,,,,,,,,,,,,83.8,87.5,88.3,89.1,90,90.9,91.7,92.6,93.6,99.9,99,99.1,99.2,99.4,100,99.8,100,99.8,100,100,100,100,100,,Maldives,MDV,Access to electricity (% of population),EG.ELC.ACCS.ZS,,
,,,,,,,,,,,,,,,,,,,,,,,,,,,,,,,,,,,,,,,,92.41805315,92.63625364,92.5249893,93.35914653,93.23842696,93.91452653,95.82655749,94.15180947,94.77077177,94.89012488,95.91908384,95.92459961,95.42662083,97.07656292,96.52038253,96.50865501,96.79834362,97.62500265,96.14676469,97.13248396,97.23154128,97.29148355,97.37330154,,Middle East & North Africa,MEA,Access to electricity (% of population),EG.ELC.ACCS.ZS,,
,,,,,,,,,,,,,,,,,,,,,,,,,,,,,,,,93.145981,95.44846344,95.238294,95.89446259,96.093624,96.32958221,96.092755,96.74829865,98,97.1,97.9,97.4,98.6,98.9,99.1,97.9,98.9,98.3,99.2,99,99.1,99.1,99.2,99,99.5,100,99.5,99.6,99.4,100,100,,Mexico,MEX,Access to electricity (% of population),EG.ELC.ACCS.ZS,,
,,,,,,,,,,,,,,,,,,,,,,,,,,,,,,,,,,,,,,,68.52423588,68.6,70.1,71.5,72.9,74.3,75.7,77.2,72.3,80.2,81.7,89.4,89.9,90.4,90.9,91.5,92.1,92.7,93.8,95.3,96.8,98.3,99.8,100,,Marshall Islands,MHL,Access to electricity (% of population),EG.ELC.ACCS.ZS,,
,,,,,,,,,,,,,,,,,,,,,,,,,,,,,,,,,,,,,,,,77.29982329,78.02319415,78.63011881,79.79781881,79.82015874,80.98367942,81.75145789,82.72013796,83.81803018,84.33692391,85.07281355,86.57554078,86.92355178,87.95382573,88.55722553,89.76328169,90.78573347,91.81522254,92.94869591,93.33286806,93.67330052,94.87518474,94.88555615,,Middle income,MIC,Access to electricity (% of population),EG.ELC.ACCS.ZS,,
,,,,,,,,,,,,,,,,,,,,,,,,,,,,,,100,100,100,100,100,100,100,100,100,100,99,99,99,99,99.4,99.1,99,99.1,99.2,99.2,99.5,99.7,99.6,99.7,99.8,99.9,100,100,99.8,100,100,100,100,,North Macedonia,MKD,Access to electricity (% of population),EG.ELC.ACCS.ZS,,
,,,,,,,,,,,,,,,,,,,,,,,,,,,,,,,,,,,,6.2,4.28854084,6.066863537,7.840343952,9.6,10.8,13,14.7,16.4,18.2,16.6,21.7,23.4,24,27,28.8,25.6,32.4,34.2,37.6,38.8,34.8,50.9,47.9,50.6,53.4,53,,Mali,MLI,Access to electricity (% of population),EG.ELC.ACCS.ZS,,
,,,,,,,,,,,,,,,,,,,,,,,,,,,,,,100,100,100,100,100,100,100,100,100,100,100,100,100,100,100,100,100,100,100,100,100,100,100,100,100,100,100,100,100,100,100,100,100,,Malta,MLT,Access to electricity (% of population),EG.ELC.ACCS.ZS,,
,,,,,,,,,,,,,,,,,,,,,,,,,,,,,,,,,,,,,,,,41.9,43,47,45.1,46.2,47.3,48.4,49.5,50.6,51.8,48.8,54.1,55.3,56.5,52,60.5,55.6,69.8,66.1,68.3,70.4,72.5,73.7,,Myanmar,MMR,Access to electricity (% of population),EG.ELC.ACCS.ZS,,
,,,,,,,,,,,,,,,,,,,,,,,,,,,,,,,,,,,,,,,,91.42621862,91.66607658,91.53270661,92.47151444,92.33011285,93.0859763,95.24133126,93.29926078,93.97915545,94.09091983,95.26906031,95.26890099,94.68358888,96.59794558,95.94874751,95.93280031,96.27601413,97.22910814,95.51042551,96.65174041,96.77334826,96.85008693,96.94647712,,Middle East & North Africa (excluding high income),MNA,Access to electricity (% of population),EG.ELC.ACCS.ZS,,
,,,,,,,,,,,,,,,,,,,,,,,,,,,,,,100,100,100,100,100,100,100,100,100,100,99.1,99.1,99,99,99,99.8,99,99,99,99.1,99.2,99,99.3,99.7,97.7,99.5,99.6,100,100,100,99.9,99.8,100,,Montenegro,MNE,Access to electricity (% of population),EG.ELC.ACCS.ZS,,
,,,,,,,,,,,,,,,,,,,,,,,,,,,,,,,,,,,,,,,,67.3,71.7,72.8,76.3,74.8,86.2,77,78.1,79.2,80.3,78.5,72.1,83.7,81.2,86,88,90.8,93.6,98.1,98.9,99.5,100,100,,Mongolia,MNG,Access to electricity (% of population),EG.ELC.ACCS.ZS,,
,,,,,,,,,,,,,,,,,,,,,,,,,,,,,,99.85326385,99.88437653,99.91503143,99.9449234,99.97164154,100,100,100,100,100,100,100,99.9,99.9,99.8,99.8,99.7,100,100,100,100,100,100,100,100,100,100,100,100,100,100,100,100,,Northern Mariana Islands,MNP,Access to electricity (% of population),EG.ELC.ACCS.ZS,,
,,,,,,,,,,,,,,,,,,,,,,,,,,,,,,,,,,,,,6.6,3.663175583,4.879123688,6.1,5.7,8.4,8.1,10.7,11.8,13,12.4,13.6,15,18.9,20.2,21.2,22.4,24.8,24,26.2,24.3,31.1,29.7,30.6,31.5,33.2,,Mozambique,MOZ,Access to electricity (% of population),EG.ELC.ACCS.ZS,,
,,,,,,,,,,,,,,,,,,,,,,,,,,,,,,,,,,,,,,,,19.1,22.2,21.7,23,24.3,18.2,27,33,30,31.1,34.2,35.3,36.4,37.6,38.8,39.5,41.2,42.9,43.6,44.9,45.4,47.7,49,,Mauritania,MRT,Access to electricity (% of population),EG.ELC.ACCS.ZS,,
,,,,,,,,,,,,,,,,,,,,,,,,,,,,,,99.04156494,99.07067871,99.09967804,99.12800598,99.15496826,99.17988586,99.20209503,99.22089386,99.23561859,99.24550629,99,99.2,99.4,99.1,99,99,99,99,99,99,99.4,99.6,99.4,99.4,99.5,99.6,99.7,99.6,99.8,100,99.5,99.6,100,,Mauritius,MUS,Access to electricity (% of population),EG.ELC.ACCS.ZS,,
,,,,,,,,,,,,,,,,,,,,,,,,,,,,,,,,3.2,1.553555846,2.013661385,2.471727133,2.927073479,3.379020214,3.826887608,4.26991272,4.8,5.2,5.6,6.2,6.9,6.6,3.7,7.4,7.8,8.3,8.7,7.6,7.4,9,11.9,10.8,11,12.7,18,11.2,11.5,14.2,14,,Malawi,MWI,Access to electricity (% of population),EG.ELC.ACCS.ZS,,
,,,,,,,,,,,,,,,,,,,,,,,,,,,,,,,,,,,,,,,,98.6,98.6,98.6,98.7,98.7,98.7,98.8,98.9,99,99.3,99.5,99.5,99.8,99.6,99.7,99.9,99.9,100,100,100,100,100,100,,Malaysia,MYS,Access to electricity (% of population),EG.ELC.ACCS.ZS,,
,,,,,,,,,,,,,,,,,,,,,,,,,,,,,,100,100,100,100,100,100,100,100,100,100,100,100,100,100,100,100,100,100,100,100,100,100,100,100,100,100,100,100,100,100,100,100,100,,North America,NAC,Access to electricity (% of population),EG.ELC.ACCS.ZS,,
,,,,,,,,,,,,,,,,,,,,,,,,,,,,,,,,26.4,27,28.93258858,29.95214844,30.96898842,31.9824295,32.99179077,33.99631119,36.5,36,36.9,37.8,38.7,39.6,40.5,43.7,42.4,44.1,44.4,42.3,46.4,47.4,48.4,51.6,49.7,52.5,52.3,53.3,52.3,55.2,56.2,,Namibia,NAM,Access to electricity (% of population),EG.ELC.ACCS.ZS,,
,,,,,,,,,,,,,,,,,,,,,,,,,,,,,,99.84430695,99.87581635,99.90686798,99.93725586,99.96508026,100,100,100,100,100,100,100,100,100,100,100,100,100,100,100,100,100,100,100,100,100,100,100,100,100,100,100,100,,New Caledonia,NCL,Access to electricity (% of population),EG.ELC.ACCS.ZS,,
,,,,,,,,,,,,,,,,,,,,,,,,,,,,,,,,4.4,4.012139797,4.57177639,6.2,7,6.235727787,6.7,7.325682163,6.5,8.4,8.8,9.3,9.7,7.1,9.3,11.2,11.8,12.3,13.6,14.3,14.4,15.2,15.7,16.6,17,17.6,17.6,18.5,18.7,18.6,19.5,,Niger,NER,Access to electricity (% of population),EG.ELC.ACCS.ZS,,
,,,,,,,,,,,,,,,,,,,,,,,,,,,,,,27.3,35.23460007,36.0994606,36.96364594,37.82646942,38.68725204,39.5453186,40.39998245,41.25056839,44.9,43.2,43.9,44.6,52.2,46.1,46.8,47.6,50.1,50.3,50,48,55.9,53,55.6,54.2,52.5,59.3,54.4,56.5,55.4,55.4,59.5,60.5,,Nigeria,NGA,Access to electricity (% of population),EG.ELC.ACCS.ZS,,
,,,,,,,,,,,,,,,,,,,,,,,,,,,,,,,,,72.064174,69.25382996,69.84990692,70.44326019,71.03321075,69.047103,72.20012665,73,72.2,74.1,74.6,75.2,73.8,76.3,76.9,77.5,77.9,80.1,81.2,81.3,81.9,81.9,83.2,83.9,84.6,85.2,85.7,86,86.3,86.5,,Nicaragua,NIC,Access to electricity (% of population),EG.ELC.ACCS.ZS,,
,,,,,,,,,,,,,,,,,,,,,,,,,,,,,,100,100,100,100,100,100,100,100,100,100,100,100,100,100,100,100,100,100,100,100,100,100,100,100,100,100,100,100,100,100,100,100,100,,Netherlands,NLD,Access to electricity (% of population),EG.ELC.ACCS.ZS,,
,,,,,,,,,,,,,,,,,,,,,,,,,,,,,,100,100,100,100,100,100,100,100,100,100,100,100,100,100,100,100,100,100,100,100,100,100,100,100,100,100,100,100,100,100,100,100,100,,Norway,NOR,Access to electricity (% of population),EG.ELC.ACCS.ZS,,
,,,,,,,,,,,,,,,,,,,,,,,,,,,,,,,,,,,,17.9,18.13286781,21.7325325,25.32735443,29.9,24.6,36.4,39.6,37.2,46.1,51.2,52.6,56,59.3,68.6,67.3,75.2,77.4,84.9,82,90.7,86.6,93.9,89.9,89.9,89.9,91.3,,Nepal,NPL,Access to electricity (% of population),EG.ELC.ACCS.ZS,,
,,,,,,,,,,,,,,,,,,,,,,,,,,,,,,98.99908447,99.04130554,99.0834198,99.12485504,99.16492462,99.20295715,99.23826599,99.27017975,99.29801178,99.32100677,99.1,99,99,99,99,99,99,99.8,99.1,99.1,99.2,99,99.4,99.4,99.5,99,99.7,99.8,99.9,100,100,100,100,,Nauru,NRU,Access to electricity (% of population),EG.ELC.ACCS.ZS,,
,,,,,,,,,,,,,,,,,,,,,,,,,,,,,,100,100,100,100,100,100,100,100,100,100,100,100,100,100,100,100,100,100,100,100,100,100,100,100,100,100,100,100,100,100,100,100,100,,New Zealand,NZL,Access to electricity (% of population),EG.ELC.ACCS.ZS,,
,,,,,,,,,,,,,,,,,,,,,,,,,,,,,,99.54680018,99.6445345,99.13098675,99.32707983,99.3161421,99.31632632,99.39392113,99.42567226,99.42305865,99.47598739,99.63592805,99.66194432,99.6039673,99.5831305,99.66645427,99.73934092,99.73955673,99.62934049,99.74440857,99.69257404,99.80796264,99.78760411,99.81318001,99.83541509,99.8482664,99.83968964,99.8958511,99.94057646,99.89856057,99.94003671,99.93326737,100,100,,OECD members,OED,Access to electricity (% of population),EG.ELC.ACCS.ZS,,
,,,,,,,,,,,,,,,,,,,,,,,,,,,,,,100,100,100,100,100,100,100,100,100,100,100,100,100,100,100,99.9,99.9,100,100,100,100,100,100,100,100,100,100,100,100,100,100,100,100,,Oman,OMN,Access to electricity (% of population),EG.ELC.ACCS.ZS,,
,,,,,,,,,,,,,,,,,,,,,,,,,,,,,,,,,,,,91.1028737,90.69736319,90.72613008,90.79200703,72.49615418,74.43883585,73.98238539,75.08530977,76.40562111,77.68473952,78.16590608,79.62606701,80.47702083,80.99994881,81.8721152,84.13943213,84.88980009,85.67029217,87.02486404,87.87577149,89.1589197,90.49458941,91.52548923,92.70130417,93.60712973,94.50257595,94.60277524,,Other small states,OSS,Access to electricity (% of population),EG.ELC.ACCS.ZS,,
,,,,,,,,,,,,,,,,,,,,,,,,,,,,,,,,,,,,,,70.46,70.26535034,72.8,73.9,74.9,76,77,78.1,79.1,80.2,81.4,82.5,87.1,87.8,88.6,89.3,90.1,91,91.8,92.7,93.4,93.9,94.5,94.9,95,,Pakistan,PAK,Access to electricity (% of population),EG.ELC.ACCS.ZS,,
,,,,,,,,,,,,,,,,,,,,,,,,,,,,,,70.19,73.44313049,74.25563812,75.06745911,75.87792206,76.68634033,77.49204254,78.29434967,79.09257507,79.88595581,81.4,81.5,82.1,87.8,83.4,84.1,84.8,85.5,86.3,87,86.9,88.6,89.3,89.1,90.8,91.6,92.4,93.7,93.8,93.9,95.3,95.3,95,,Panama,PAN,Access to electricity (% of population),EG.ELC.ACCS.ZS,,
,,,,,,,,,,,,,,,,,,,,,,,,,,,,,,,,70.1,64.74899292,66.05293274,67.35483551,67,69.16024,72.072063,74.078523,72.5,72.1,74.4,74.4,75.7,77.2,80.2,82,84.7,86.4,88.1,89.7,91.1,92.1,92.9,93.9,94.2,94.8,95.2,95.6,96.2,95.6,96.2,,Peru,PER,Access to electricity (% of population),EG.ELC.ACCS.ZS,,
,,,,,,,,,,,,,,,,,,,,,,,,,,,,,,,,,65.4,68.01855469,69.13311768,70.24495697,71.35339355,71.3,71.87417093,74.7,75.7,76.7,76.6,87.6,79.8,80.2,82,83.3,84.3,85.5,87.2,87.1,87.5,89.8,89.1,92,93,94.2,95.3,96.4,97.5,94.8,,Philippines,PHL,Access to electricity (% of population),EG.ELC.ACCS.ZS,,
,,,,,,,,,,,,,,,,,,,,,,,,,,,,,,96.62535095,96.76270294,96.89993286,97.03649139,97.17168427,97.30484009,97.43527222,97.56230927,97.68526459,97.80337524,97.9,98,98,98.1,98.1,98.9,98.3,98.4,98.5,98.6,98.8,98.9,97.6,99.2,99.8,99.5,100,100,100,100,100,100,100,,Palau,PLW,Access to electricity (% of population),EG.ELC.ACCS.ZS,,
,,,,,,,,,,,,,,,,,,,,,,,,,,,,,,,,,,,,11,2.158482552,4.295089722,6.426855087,12.4,12.7,13.1,13.4,13.8,14.1,12.4,14.9,15.3,17.2,19.5,17.3,17.5,17.8,18.1,18.4,13.5,19.2,16.6,23.6,20.5,20.9,19,,Papua New Guinea,PNG,Access to electricity (% of population),EG.ELC.ACCS.ZS,,
,,,,,,,,,,,,,,,,,,,,,,,,,,,,,,100,100,100,100,100,100,100,100,100,100,100,100,100,99.9,99.9,99.8,99.8,99.8,99.8,100,100,100,100,100,100,100,100,100,100,100,100,100,100,,Poland,POL,Access to electricity (% of population),EG.ELC.ACCS.ZS,,
,,,,,,,,,,,,,,,,,,,,,,,,,,,,,,,,,,,,,22.91768439,23.61461068,24.85131,24.87163927,26.17679042,26.99530696,29.45538975,28.99592083,29.72677917,30.98744218,32.30633531,32.11886904,32.17535981,32.64713439,36.03503648,37.44805947,38.33622781,39.84410976,40.06062936,44.61180064,44.32045529,47.07626279,47.57823968,48.38554479,50.52380616,51.12034183,,Pre-demographic dividend,PRE,Access to electricity (% of population),EG.ELC.ACCS.ZS,,
,,,,,,,,,,,,,,,,,,,,,,,,,,,,,,99.98342896,99.9930954,99.99861908,100,100,100,100,100,100,100,100,100,100,100,100,100,100,100,100,100,100,100,100,100,100,100,100,100,100,100,100,100,100,,Puerto Rico,PRI,Access to electricity (% of population),EG.ELC.ACCS.ZS,,
,,,,,,,,,,,,,,,,,,,,,,,,,,,,,,,,,,,,,,,,,,,,,,,,,26,29.3,31.4,33.6,35.7,37.8,40,42.1,44.2,46.3,48.4,50.5,52.6,54.7,,"Korea, Dem. People's Rep.",PRK,Access to electricity (% of population),EG.ELC.ACCS.ZS,,
,,,,,,,,,,,,,,,,,,,,,,,,,,,,,,100,100,100,100,100,100,100,100,100,100,100,100,100,100,100,100,100,100,100,100,100,100,100,100,100,100,100,100,100,100,100,100,100,,Portugal,PRT,Access to electricity (% of population),EG.ELC.ACCS.ZS,,
,,,,,,,,,,,,,,,,,,,,,,,,,,,,,,,,,,,77.469114,86.26005554,86.412854,87.76236725,88.518177,89.6,91,91.7,92.6,93.2,94.7,96.7,96.5,96.7,96.9,97.4,98.2,97.8,99,99,99.3,98.4,99.3,99.6,99.7,99.7,100,100,,Paraguay,PRY,Access to electricity (% of population),EG.ELC.ACCS.ZS,,
,,,,,,,,,,,,,,,,,,,,,,,,,,,,,,,,,,,,,97.9,98.53929901,98.62315369,99.7,99.1,99.2,99.1,99.5,99.6,99.7,98.8,99.8,99.9,99.9,99.7,99.8,99.9,99.9,99.9,100,99.9,100,100,100,100,100,,West Bank and Gaza,PSE,Access to electricity (% of population),EG.ELC.ACCS.ZS,,
,,,,,,,,,,,,,,,,,,,,,,,,,,,,,,,,,,,,,,,57.04523783,55.44387716,56.73458276,58.37440572,59.42245057,60.55690435,62.13074141,61.49282909,63.69226415,67.02014638,64.52427029,71.57879409,72.67731158,73.79342371,72.65366419,76.68147119,78.7032295,80.1272307,82.35645542,82.95916101,84.59316024,86.42255106,85.84970757,85.82274724,,Pacific island small states,PSS,Access to electricity (% of population),EG.ELC.ACCS.ZS,,
,,,,,,,,,,,,,,,,,,,,,,,,,,,,,,99.99439114,99.99574774,99.99709226,99.99833898,99.9992621,99.99976678,99.99977535,99.99978395,99.99979277,99.99980185,99.71524236,99.72580127,99.73181395,99.75578,99.77240286,99.80639273,99.8029325,99.83050827,99.84326905,99.86215709,99.88003699,99.89261421,99.90283984,99.91830477,99.93138275,99.94403201,99.95711876,99.97058308,99.98174111,99.99295503,99.99712735,99.99876815,100,,Post-demographic dividend,PST,Access to electricity (% of population),EG.ELC.ACCS.ZS,,
,,,,,,,,,,,,,,,,,,,,,,,,,,,,,,100,100,100,100,100,100,100,100,100,100,100,100,100,100,100,100,100,100,100,100,100,100,100,100,100,100,100,100,100,100,100,100,100,,French Polynesia,PYF,Access to electricity (% of population),EG.ELC.ACCS.ZS,,
,,,,,,,,,,,,,,,,,,,,,,,,,,,,,,100,100,100,100,100,100,100,100,100,100,100,100,100,100,100,100,100,100,100,100,100,100,100,100,100,100,100,100,100,100,100,100,100,,Qatar,QAT,Access to electricity (% of population),EG.ELC.ACCS.ZS,,
,,,,,,,,,,,,,,,,,,,,,,,,,,,,,,100,100,100,100,100,100,100,100,100,100,94.4,94.6,94.9,95.1,95.3,95.6,95.9,96.1,96.5,96.8,97.1,97.4,97.8,98.1,98.4,98.8,99.1,100,99.8,100,100,100,100,,Romania,ROU,Access to electricity (% of population),EG.ELC.ACCS.ZS,,
,,,,,,,,,,,,,,,,,,,,,,,,,,,,,,100,100,100,100,100,100,100,100,100,100,97.8,97.9,97.9,97.9,98,98,98.1,98.2,98.3,98.4,99.3,99.2,100,100,100,95.5,99.4,100,100,99.8,99.9,100,100,,Russian Federation,RUS,Access to electricity (% of population),EG.ELC.ACCS.ZS,,
,,,,,,,,,,,,,,,,,,,,,,,,,,,,,,,,2.3,,,,,1.027835965,2.174127579,3.31557703,6.2,4.7,6,7.4,8.7,4.8,11.4,12.8,6,15.6,9.7,10.8,17.5,15.2,19.8,22.8,29.4,34.1,38,46.6,45.2,48.7,50.6,,Rwanda,RWA,Access to electricity (% of population),EG.ELC.ACCS.ZS,,
,,,,,,,,,,,,,,,,,,,,,,,,,,,,,,,,,46.73507089,46.32270122,47.80872836,48.90120434,50.43256252,54.35709893,57.72027972,57.89173777,59.48527189,60.55612991,63.27394531,62.69705366,66.70005605,66.92845469,70.08224596,72.44704385,73.71575633,75.10743202,77.98473012,79.47667396,81.64095561,83.85239549,86.78671321,88.91731472,91.67602417,94.61792445,95.32320555,96.19703923,98.78642376,98.28799595,,South Asia,SAS,Access to electricity (% of population),EG.ELC.ACCS.ZS,,
,,,,,,,,,,,,,,,,,,,,,,,,,,,,,,100,100,100,100,100,100,100,100,100,100,100,100,100,100,100,100,100,100,100,100,100,100,100,100,100,100,99.9,100,99.9,100,100,100,100,,Saudi Arabia,SAU,Access to electricity (% of population),EG.ELC.ACCS.ZS,,
,,,,,,,,,,,,,,,,,,,,,,,,,,,,,,32.8,26.91929436,27.4086132,27.89725304,28.38453484,28.8697834,29.3523159,29.83145714,30.30652809,30.77675629,23,29.4,29.7,29.9,30.2,30.5,30.8,31.1,20,29,36,38.3,40.7,43.1,44.9,48,50.5,53,55.3,57.6,59.7,61.8,63.2,,Sudan,SDN,Access to electricity (% of population),EG.ELC.ACCS.ZS,,
,,,,,,,,,,,,,,,,,,,,,,,,,,,,,,,,,26,27.19048691,28.85719109,30.52117729,32.2,33.83826828,36.2,37.7,38.9,36.8,41.9,36.8,47.1,49.9,48.1,49.7,53.5,56.5,56.5,56.5,57,61,60.5,64.5,61.7,66,70.4,64.3,68,67.9,,Senegal,SEN,Access to electricity (% of population),EG.ELC.ACCS.ZS,,
,,,,,,,,,,,,,,,,,,,,,,,,,,,,,,100,100,100,100,100,100,100,100,100,100,100,100,100,100,100,100,100,100,100,100,100,100,100,100,100,100,100,100,100,100,100,100,100,,Singapore,SGP,Access to electricity (% of population),EG.ELC.ACCS.ZS,,
,,,,,,,,,,,,,,,,,,,,,,,,,,,,,,,,,,,,,,,15.7,4.7,7.6,10.5,13.4,16.3,19.2,14.4,12.9,28.1,21.2,35.4,39.1,42.9,44.7,50.5,55.1,58.2,62.9,65.8,69.4,72.9,76.3,76,,Solomon Islands,SLB,Access to electricity (% of population),EG.ELC.ACCS.ZS,,
,,,,,,,,,,,,,,,,,,,,,,,,,,,,,,,,,,,,,,,,7.7,8.5,9.2,9.9,16.8,11.3,12.2,13,12.1,14.6,11.5,14.2,17.2,13.5,18.8,19.7,20.3,23.4,26.1,22.7,26.3,27.5,29.4,,Sierra Leone,SLE,Access to electricity (% of population),EG.ELC.ACCS.ZS,,
,,,,,,,,,,,,,,,,,,,,,,,,,,,,,,,69.60788,75.33219147,76.27613831,77.21871948,76.995504,77.883,80.03151703,81.637983,79.129592,84.5,87.1,87.5,87,87.4,87.5,89.2,91.1,91,91.1,91.6,92.6,93.7,95,95.1,95.4,96,96.8,97,97.4,99.7,97.9,100,,El Salvador,SLV,Access to electricity (% of population),EG.ELC.ACCS.ZS,,
,,,,,,,,,,,,,,,,,,,,,,,,,,,,,,100,100,100,100,100,100,100,100,100,100,100,100,100,100,100,100,100,100,100,100,100,100,100,100,100,100,100,100,100,100,100,100,100,,San Marino,SMR,Access to electricity (% of population),EG.ELC.ACCS.ZS,,
,,,,,,,,,,,,,,,,,,,,,,,,,,,,,,,,,,,,,,,,2.1,4.7,7.4,9.8,12.4,15,15.2,20.2,22.9,25.5,52.3,52,51.8,51.5,51.4,51.2,51.1,52.1,50.7,49.2,49.9,49.3,48.9,,Somalia,SOM,Access to electricity (% of population),EG.ELC.ACCS.ZS,,
,,,,,,,,,,,,,,,,,,,,,,,,,,,,,,100,100,100,100,100,100,100,100,100,100,99.9,99.8,100,99.7,99.6,99.7,99.6,99.6,99.6,99.6,99.7,99.7,99.8,99.9,99.7,99.9,99.9,100,100,99.8,100,100,100,,Serbia,SRB,Access to electricity (% of population),EG.ELC.ACCS.ZS,,
,,,,,,,,,,,,,,,,,,,,,,,,,,,,,,,,,,,,28.37653634,28.2573876,28.47036696,30.03659942,25.65074521,26.09809676,27.27504145,29.50864,29.31107718,29.27711746,31.12876424,32.43718404,32.33110488,32.53318796,33.24247358,35.7966997,36.68124282,37.92262028,38.26012231,39.10654371,43.73190916,43.67573641,46.3326009,47.12579665,48.4737889,50.57591327,51.42993175,,Sub-Saharan Africa (excluding high income),SSA,Access to electricity (% of population),EG.ELC.ACCS.ZS,,
,,,,,,,,,,,,,,,,,,,,,,,,,,,,,,,,,,,,,,,,,,,,,,,0.8,1.3,3,1.5,2.8,3.3,3.8,4.3,4.8,5.3,4.2,6.3,6.8,7.3,7.7,8.4,,South Sudan,SSD,Access to electricity (% of population),EG.ELC.ACCS.ZS,,
,,,,,,,,,,,,,,,,,,,,,,,,,,,,,,,,,,,,28.38854984,28.26834403,28.48119917,30.04700152,25.65914702,26.1062707,27.28329742,29.51619281,29.31845951,29.28437504,31.13615764,32.44386714,32.33780628,32.539743,33.24897907,35.80272422,36.68709771,37.92827824,38.26586908,39.11218326,43.73705056,43.68081053,46.3373546,47.13039907,48.47819554,50.58006658,51.434739,,Sub-Saharan Africa,SSF,Access to electricity (% of population),EG.ELC.ACCS.ZS,,
,,,,,,,,,,,,,,,,,,,,,,,,,,,,,,,,,,,,86.22079724,86.4649271,86.62769393,84.74247543,72.73260377,74.34864125,74.30651732,75.23755515,76.36453444,77.50280397,77.63519467,79.22135095,80.34279581,80.32932725,82.0947808,84.00506622,84.75683682,85.2279259,86.78036509,87.73099209,88.93410203,90.26309988,91.08658175,92.20155491,93.2090071,93.81790092,93.91070438,,Small states,SST,Access to electricity (% of population),EG.ELC.ACCS.ZS,,
,,,,,,,,,,,,,,,,,,,,,,,,,,,,,,,,,,,,,,,,52.9,51.5,52.5,53.6,54.7,55.8,56.9,58,59.1,56.9,61.4,62.6,57.9,65,68.6,67.3,69.4,74.3,71,75.1,76.8,78.5,78,,Sao Tome and Principe,STP,Access to electricity (% of population),EG.ELC.ACCS.ZS,,
,,,,,,,,,,,,,,,,,,,,,,,,,,,,,,,,,,,,,,,99.62406,95.4,95.3,95.2,95.1,95,94.9,91,94.7,94.7,94.6,91.2,94.6,94.6,94.6,94.6,95,95.8,96.6,97.4,97.9,98.4,98.8,99,,Suriname,SUR,Access to electricity (% of population),EG.ELC.ACCS.ZS,,
,,,,,,,,,,,,,,,,,,,,,,,,,,,,,,100,100,100,100,100,100,100,100,100,100,100,100,100,100,100,99.9,99.9,100,100,100,100,100,100,100,100,100,100,100,100,100,100,100,100,,Slovak Republic,SVK,Access to electricity (% of population),EG.ELC.ACCS.ZS,,
,,,,,,,,,,,,,,,,,,,,,,,,,,,,,,100,100,100,100,100,100,100,100,100,100,100,100,100,100,100,100,100,100,100,100,100,100,100,100,100,100,100,100,100,100,100,100,100,,Slovenia,SVN,Access to electricity (% of population),EG.ELC.ACCS.ZS,,
,,,,,,,,,,,,,,,,,,,,,,,,,,,,,,100,100,100,100,100,100,100,100,100,100,100,100,100,100,100,100,100,100,100,100,100,100,100,100,100,100,100,100,100,100,100,100,100,,Sweden,SWE,Access to electricity (% of population),EG.ELC.ACCS.ZS,,
,,,,,,,,,,,,,,,,,,,,,,,,,,,,,,,,,,,,,,,,20.4,26.9,25.9,28.7,31.4,34.2,35.2,39.8,42.6,38.6,45.6,51.2,54.3,57.5,65,64.1,63.4,73.5,74,77,80,82.9,82.3,,Eswatini,SWZ,Access to electricity (% of population),EG.ELC.ACCS.ZS,,
,,,,,,,,,,,,,,,,,,,,,,,,,,,,,,100,100,100,100,100,100,100,100,100,100,100,99.9,99.9,99.8,99.8,99.7,99.7,99.7,99.7,99.7,100,100,100,100,100,100,100,100,100,100,100,100,100,,Sint Maarten (Dutch part),SXM,Access to electricity (% of population),EG.ELC.ACCS.ZS,,
,,,,,,,,,,,,,,,,,,,,,,,,,,,,,,,,,,90,92.17365265,92.55249023,92,93.29929352,93.66580963,94.1,94.4,96.1,94.9,95.2,95.5,99,96.1,96.5,96.8,97,98.1,98.3,98,100,100,100,100,100,100,100,100,100,,Seychelles,SYC,Access to electricity (% of population),EG.ELC.ACCS.ZS,,
,,,,,,,,,,,,,,,,,,,,,,,,,,,,,,,,,,,,,,,,93.4,93.1,86.6,92.6,92.3,92,99.5,91.5,91.3,91.1,92.7,91.5,90.7,90.4,90.2,90,89.8,89.6,86,89.2,89,88.8,89,,Syrian Arab Republic,SYR,Access to electricity (% of population),EG.ELC.ACCS.ZS,,
,,,,,,,,,,,,,,,,,,,,,,,,,,,,,,88.7,91.0539093,91.43911743,91.82364655,92.20681763,92.58794403,92.96634674,93.341362,93.7122879,94.07837677,95.6,94.9,95.2,95.4,95.7,96,96.2,96.6,96.9,100,100,100,93.1,100,100,100,100,100,100,100,99.4,100,99.9,,Turks and Caicos Islands,TCA,Access to electricity (% of population),EG.ELC.ACCS.ZS,,
,,,,,,,,,,,,,,,,,,,,,,,,,,,,,,,,,,,,,2.3,2.420387268,2.806213379,3.1,3.4,3.8,4.1,3.5,4.8,5.1,5.5,5.9,6.3,6.4,9,7.8,8.1,8.4,7.7,9.2,10.9,10.1,8.4,10.9,11.3,11.7,,Chad,TCD,Access to electricity (% of population),EG.ELC.ACCS.ZS,,
,,,,,,,,,,,,,,,,,,,,,,,,,,,,,,,,,,,,,,,,91.15831418,91.70470452,92.17697016,92.40116167,93.27778407,92.87178346,94.05807868,94.06274952,94.680392,95.31554978,95.90678422,96.41113158,96.59600486,96.86817384,97.01854923,97.34237829,97.40427803,98.11285582,98.04961137,98.26213989,98.151165,98.52346556,98.56329354,,East Asia & Pacific (IDA & IBRD countries),TEA,Access to electricity (% of population),EG.ELC.ACCS.ZS,,
,,,,,,,,,,,,,,,,,,,,,,,,,,,,,,100,100,100,100,100,99.9950951,99.9365496,99.92313026,99.92740374,99.71982735,98.24658343,98.34248838,98.41649423,98.43048043,98.47950384,98.56147902,98.60332959,98.72012133,98.80934931,98.92416247,99.32662739,99.32562734,99.65391887,99.69636517,99.7496944,98.32741952,99.65546976,99.92722653,99.94081934,99.90653227,99.95201789,99.9763188,99.99540696,,Europe & Central Asia (IDA & IBRD countries),TEC,Access to electricity (% of population),EG.ELC.ACCS.ZS,,
,,,,,,,,,,,,,,,,,,,,,,,,,,,,,,,,,,,,,,15.3,16.07299995,17,19.6,21.3,23,24.8,26.5,27.9,30,31.8,33.7,30.8,39.7,39.1,41,45.7,44.7,46.8,48,50,52.5,54.1,55.7,57.2,,Togo,TGO,Access to electricity (% of population),EG.ELC.ACCS.ZS,,
,,,,,,,,,,,,,,,,,,,,,,,,,,,,,,,,,,,,,,,,82.1,90.4,91,91.6,92.2,92.8,99.1,94.1,94.8,99,99.7,99.3,99.1,99.4,99.5,99.6,99.9,99.9,99.8,99.9,100,100,99.9,,Thailand,THA,Access to electricity (% of population),EG.ELC.ACCS.ZS,,
,,,,,,,,,,,,,,,,,,,,,,,,,,,,,,,,,,,,,,,97,98.5,98.6,99,100,98.5,99.3,98.6,98.6,98.6,99,98.8,98.9,99.1,99,99.1,98,99.3,99.3,99.3,99.4,99.5,99.6,100,,Tajikistan,TJK,Access to electricity (% of population),EG.ELC.ACCS.ZS,,
,,,,,,,,,,,,,,,,,,,,,,,,,,,,,,,,,,,,,,,,99.6,99.6,99.6,99.6,99.5,99.5,99.8,99.6,99.6,99.7,100,99.8,99.9,99.9,100,100,100,100,100,99.9,100,100,100,,Turkmenistan,TKM,Access to electricity (% of population),EG.ELC.ACCS.ZS,,
,,,,,,,,,,,,,,,,,,,,,,,,,,,,,,,,88.59362803,89.20631212,90.12126605,88.49020796,89.45830682,89.92122709,90.54901502,91.16637633,91.53290551,92.17243359,92.52235309,92.59112754,93.0846847,93.3957139,94.15291963,94.37738458,95.14085063,95.34633005,95.80473309,96.11946821,96.51173782,96.81279672,97.00635626,97.23705144,97.431992,97.66674837,97.71195436,97.95594173,98.10927883,98.23249385,98.54512508,,Latin America & the Caribbean (IDA & IBRD countries),TLA,Access to electricity (% of population),EG.ELC.ACCS.ZS,,
,,,,,,,,,,,,,,,,,,,,,,,,,,,,,,,,,,,,,,,,17.8,25.6,24.1,27.7,30.4,33.5,36.7,36.6,43.1,46.3,38,52.7,56,59.2,62.4,67.3,76.5,79.5,85.2,90.6,96,100,99.7,,Timor-Leste,TLS,Access to electricity (% of population),EG.ELC.ACCS.ZS,,
,,,,,,,,,,,,,,,,,,,,,,,,,,,,,,,,,,,,,,,,91.34017151,91.58830452,91.45188157,92.40108907,92.253451,93.01589475,95.19305142,93.23930084,93.91515712,94.02656194,95.21741942,95.21915675,94.62578123,96.56047271,95.9037641,95.88748929,96.23329411,97.19837529,95.4583358,96.61257757,96.73526911,96.81255289,96.90974603,,Middle East & North Africa (IDA & IBRD countries),TMN,Access to electricity (% of population),EG.ELC.ACCS.ZS,,
,,,,,,,,,,,,,,,,,,,,,,,,,,,,,,,,,,80,81.78847504,82.55436707,83.31685638,84.07527161,84.82884216,85.6,86.3,87,87.6,88.3,89,92.3,90.5,91.2,92,92.8,92.2,92.8,95.1,95.9,100,97,98.2,99,98.4,99.9,100,100,,Tonga,TON,Access to electricity (% of population),EG.ELC.ACCS.ZS,,
,,,,,,,,,,,,,,,,,,,,,,,,,,,,,,,,,46.73507089,46.32270122,47.80872836,48.90120434,50.43256252,54.35709893,57.72027972,57.89173777,59.48527189,60.55612991,63.27394531,62.69705366,66.70005605,66.92845469,70.08224596,72.44704385,73.71575633,75.10743202,77.98473012,79.47667396,81.64095561,83.85239549,86.78671321,88.91731472,91.67602417,94.61792445,95.32320555,96.19703923,98.78642376,98.28799595,,South Asia (IDA & IBRD),TSA,Access to electricity (% of population),EG.ELC.ACCS.ZS,,
,,,,,,,,,,,,,,,,,,,,,,,,,,,,,,,,,,,,28.38854984,28.26834403,28.48119917,30.04700152,25.65914702,26.1062707,27.28329742,29.51619281,29.31845951,29.28437504,31.13615764,32.44386714,32.33780628,32.539743,33.24897907,35.80272422,36.68709771,37.92827824,38.26586908,39.11218326,43.73705056,43.68081053,46.3373546,47.13039907,48.47819554,50.58006658,51.434739,,Sub-Saharan Africa (IDA & IBRD countries),TSS,Access to electricity (% of population),EG.ELC.ACCS.ZS,,
,,,,,,,,,,,,,,,,,,,,,,,,,,,,,,,,,,,,,,,,91.3,96.3,96.5,96.7,96.8,95,100,100,100,99,100,97.5,100,100,100,100,100,100,100,100,100,100,100,,Trinidad and Tobago,TTO,Access to electricity (% of population),EG.ELC.ACCS.ZS,,
,,,,,,,,,,,,,,,,,,,,,,,,,,,,,,,,,,86.8,88.7,90.4,92,93.2,94.2,94.8,97.3,97.8,98.4,99,99.2,99.4,99.4,99.4,99.5,99.5,99.5,99.5,99.7,99.8,99.9,100,100,99.8,100,99.9,99.9,100,,Tunisia,TUN,Access to electricity (% of population),EG.ELC.ACCS.ZS,,
,,,,,,,,,,,,,,,,,,,,,,,,,,,,,,,,,,,,,,,,99.9,99.9,99.8,99.8,99.7,99.7,99.7,99.7,99.7,99.7,100,100,100,100,100,100,100,100,100,100,100,100,100,,Turkiye,TUR,Access to electricity (% of population),EG.ELC.ACCS.ZS,,
,,,,,,,,,,,,,,,,,,,,,,,,,,,,,,,,,,,,,,,,94.6,94.8,94.6,95.1,95.3,95.5,95.7,96.7,96.2,96.5,96.7,97,97.7,97.6,97.9,98.1,97.3,98.7,99,99.7,99.4,99.7,100,,Tuvalu,TUV,Access to electricity (% of population),EG.ELC.ACCS.ZS,,
,,,,,,,,,,,,,,,,,,,,,,,,,,,,,,,,6.8,2.330187798,3.300647259,4.269067287,9.4,6.197068214,7.15528965,8,8.7,9.7,10.7,11.1,11.4,13.8,14.9,15.9,11.5,11.2,14.8,14.2,15.3,16.4,23.5,26.2,32.8,32.1,34.9,37.7,39.9,42.7,45.8,,Tanzania,TZA,Access to electricity (% of population),EG.ELC.ACCS.ZS,,
,,,,,,,,,,,,,,,,,,,,,,,,,,,,,,,5.6,,,0.533898532,6.8,2.811104298,3.94494772,5.0747118,6.199634075,7.4,8.6,7.8,10.5,11.6,8.9,9,14.8,15.9,10,12.1,14.6,20.5,13.9,20.4,18.5,26.7,32.4,41.9,41.3,42.1,45.2,47.1,,Uganda,UGA,Access to electricity (% of population),EG.ELC.ACCS.ZS,,
,,,,,,,,,,,,,,,,,,,,,,,,,,,,,,100,100,100,100,100,100,100,100,100,100,99.1,99.2,99.3,99.3,99.4,99.9,99.5,99.8,99.8,99.9,100,100,99.9,100,100,100,100,100,100,100,100,100,100,,Ukraine,UKR,Access to electricity (% of population),EG.ELC.ACCS.ZS,,
,,,,,,,,,,,,,,,,,,,,,,,,,,,,,,,,,,,,,,,,94.32746486,94.81726684,95.27065156,95.4795456,95.84635662,95.6996353,96.65319404,96.80471728,97.2710732,97.68137744,98.16800497,98.38204532,98.62091055,98.787432,98.88949426,98.97099758,99.00526385,99.13391775,99.15288292,99.2510522,99.18994802,99.40837948,99.48511909,,Upper middle income,UMC,Access to electricity (% of population),EG.ELC.ACCS.ZS,,
,,,,,,,,,,,,,,,,,,,,,,,,,,,,,,,,96.18231201,96.36306,96.54244995,96.71979523,95.9,97.06565094,97.23280334,97.39511108,97.6,97.7,97.8,97.9,98,98,98.5,98.7,98.8,99.1,99.3,99.2,99.6,99.6,99.7,99.7,99.7,99.8,99.8,99.9,100,100,100,,Uruguay,URY,Access to electricity (% of population),EG.ELC.ACCS.ZS,,
,,,,,,,,,,,,,,,,,,,,,,,,,,,,,,100,100,100,100,100,100,100,100,100,100,100,100,100,100,100,100,100,100,100,100,100,100,100,100,100,100,100,100,100,100,100,100,100,,United States,USA,Access to electricity (% of population),EG.ELC.ACCS.ZS,,
,,,,,,,,,,,,,,,,,,,,,,,,,,,,,,,,,,,,99.6,99.37974548,99.44934845,99.51411438,99.6,99.6,99.7,99.5,99.5,99.4,99.5,99.5,99.5,99.5,99.6,99.7,99.7,99.8,99.8,99.9,99.9,100,100,100,100,99.9,100,,Uzbekistan,UZB,Access to electricity (% of population),EG.ELC.ACCS.ZS,,
,,,,,,,,,,,,,,,,,,,,,,,,,,,,,,,66.8,69.11443329,70.46484375,71.81389618,73.16090393,74.50520325,75.84609222,77.1829071,78.51487732,80,82.4,82.4,83.7,84.9,86.2,87.5,88.8,90.1,91.4,92.7,94.1,95.4,96.8,98.1,99.4,99.7,100,100,100,100,100,100,,St. Vincent and the Grenadines,VCT,Access to electricity (% of population),EG.ELC.ACCS.ZS,,
,,,,,,,,,,,,,,,,,,,,,,,,,,,,,,,,97.820203,98.23953247,98.32333374,99,98.48413086,98.7,98.4,98.9,98.9,99.9,99.8,95.7,99.1,98.8,99.3,98.9,98.9,99,99.1,98.8,99.3,99.4,100,100,99.4,99.2,99.9,99.8,99.9,100,100,,"Venezuela, RB",VEN,Access to electricity (% of population),EG.ELC.ACCS.ZS,,
,,,,,,,,,,,,,,,,,,,,,,,,,,,,,,94.60655975,94.82473755,95.0428009,95.26019287,95.47621918,95.69020081,95.901474,96.10933685,96.31312561,96.51207733,97.1,97.2,97.3,97.4,97.5,97.6,97.8,97.9,98.1,98.3,98.3,98.7,98.9,99.1,99.2,100,100,100,100,100,100,100,100,,British Virgin Islands,VGB,Access to electricity (% of population),EG.ELC.ACCS.ZS,,
,,,,,,,,,,,,,,,,,,,,,,,,,,,,,,100,100,100,100,100,100,100,100,100,100,100,100,100,100,100,100,100,100,100,100,100,100,100,100,100,100,100,100,100,100,100,100,100,,Virgin Islands (U.S.),VIR,Access to electricity (% of population),EG.ELC.ACCS.ZS,,
,,,,,,,,,,,,,,,,,,,,,,,,,,,,,,,,,,,,,78.4,86.17598724,86.99443817,88.2,88.9,89.1,90.3,91,96.1,96,93.1,93.8,96.1,97.4,99,97.9,98.5,99.2,99.3,99.2,100,100,99.4,99.8,100,100,,Viet Nam,VNM,Access to electricity (% of population),EG.ELC.ACCS.ZS,,
,,,,,,,,,,,,,,,,,,,,,,,,,,,,,,,,,,18,12.94164371,14.79236126,16.63967896,18.48291779,19.1,22.2,24,25.7,27.5,29.2,31,26.4,33.6,36.5,33.3,44.1,42,43.9,31.7,49.1,52.3,57.8,62.8,61.6,64.5,67.3,70,70,,Vanuatu,VUT,Access to electricity (% of population),EG.ELC.ACCS.ZS,,
,,,,,,,,,,,,,,,,,,,,,,,,,,,,,,,,,,,,,,73.35105721,74.65861823,78.35436176,78.84913194,79.22763826,80.08268444,80.06948653,80.82113527,81.46781427,82.08790075,82.7858131,82.984304,83.56808268,84.62012083,85.04855448,85.81336345,86.30126905,87.02378512,88.19222553,89.01866724,89.89088584,90.19910003,90.4854036,91.42033224,91.35257097,,World,WLD,Access to electricity (% of population),EG.ELC.ACCS.ZS,,
,,,,,,,,,,,,,,,,,,,,,,,,,,,,,,,78.8,81.64016724,82.42459106,80,83.98869324,84.76699829,85.54190826,86.31274414,87.07872772,88,88.7,89.3,89.9,90.5,91.1,96.4,92.5,98.1,97.9,96.4,96.7,96.8,97,97.9,98.2,98.9,96.8,99.8,99.2,100,98.3,98.3,,Samoa,WSM,Access to electricity (% of population),EG.ELC.ACCS.ZS,,
,,,,,,,,,,,,,,,,,,,,,,,,,,,,,,100,100,100,100,100,100,100,100,100,100,,,,,,,,,,,,,,,,,,,,,,,,,Kosovo,XKX,Access to electricity (% of population),EG.ELC.ACCS.ZS,,
,,,,,,,,,,,,,,,,,,,,,,,,,,,,,,,,44.1,40.77471542,41.98513412,43.19351196,44.39916992,42.6,46.79961014,47.99294662,49.2,50.4,51.5,52.6,49.6,54.8,55.8,57.2,58.4,59.6,60.8,62,52.4,75.6,66.1,67.4,68.9,79.2,62,72.8,73.9,74.9,76,,"Yemen, Rep.",YEM,Access to electricity (% of population),EG.ELC.ACCS.ZS,,
,,,,,,,,,,,,,,,,,,,,,,,,,,,,,,,,,,,,57.6,69.48335266,64.9,71.33178711,72.4,70.2,76.7,78.8,80.6,80.8,80.7,82,81.9,82.6,82.8,83.6,85.2,85.2,85.9,85.3,83.9,84.4,84.7,85,90,89.3,86.5,,South Africa,ZAF,Access to electricity (% of population),EG.ELC.ACCS.ZS,,
,,,,,,,,,,,,,,,,,,,,,,,,,,,,,,13.9,12.75270271,19.2,14.21320724,14.94175911,15.66827202,17.3,17.11245918,19,18.54024506,16.7,20.2,17.4,18.5,20.3,23.3,24.1,18.5,25.7,26.6,22,28.3,29.2,30.1,27.9,31.1,35.4,40.3,40.2,43,44.6,46.7,47.8,,Zambia,ZMB,Access to electricity (% of population),EG.ELC.ACCS.ZS,,
,,,,,,,,,,,,,,,,,,,,,,,,,,,,,,,,28.2,31.16366768,28.1,31.94857979,32.33729553,32.72261047,33.1038475,38.4,33.7,34.2,34.2,35.1,35.6,36.1,37.2,37.2,37.7,43.4,38.9,36.9,44,40.6,32.3,33.7,42.5,44,45.4,46.7,52.7,49,50.1,,Zimbabwe,ZWE,Access to electricity (% of population),EG.ELC.ACCS.ZS,,
